S1_X_g,S1_Y_g,S1_Z_g,S2_X_g,S2_Y_g,S2_Z_g
0.112,1.052,0.248,0.044,1.044,-0.072
0.108,1.036,0.224,0.060,1.032,-0.200
0.084,1.020,0.200,0.028,1.040,-0.024
0.116,1.052,0.248,0.064,1.036,-0.196
0.104,1.032,0.212,0.032,1.040,-0.108
0.080,1.024,0.204,0.056,1.040,-0.136
0.120,1.052,0.248,0.044,1.036,-0.192
0.100,1.020,0.204,0.044,1.040,-0.076
0.084,1.028,0.208,0.060,1.032,-0.212
0.116,1.056,0.244,0.032,1.048,-0.012
0.096,1.020,0.204,0.064,1.032,-0.200
0.108,1.044,0.240,0.028,1.052,-0.020
0.108,1.044,0.228,0.052,1.040,-0.112
0.084,1.020,0.200,0.056,1.036,-0.212
0.120,1.048,0.256,0.036,1.048,-0.040
0.100,1.032,0.208,0.064,1.032,-0.192
0.084,1.020,0.208,0.020,1.052,-0.012
0.120,1.048,0.248,0.060,1.036,-0.160
0.096,1.024,0.196,0.020,1.048,-0.048
0.088,1.028,0.216,0.048,1.040,-0.096
0.120,1.048,0.240,0.028,1.044,-0.092
0.088,1.016,0.196,0.032,1.048,-0.044
0.092,1.036,0.224,0.068,1.032,-0.196
0.116,1.040,0.232,0.024,1.048,-0.004
0.088,1.020,0.200,0.064,1.032,-0.180
0.100,1.044,0.236,0.020,1.048,-0.032
0.116,1.036,0.216,0.052,1.036,-0.104
0.084,1.024,0.200,0.028,1.044,-0.080
0.108,1.048,0.244,0.040,1.044,-0.048
0.100,1.028,0.212,0.056,1.040,-0.208
0.084,1.020,0.208,0.024,1.048,-0.008
0.120,1.056,0.244,0.056,1.036,-0.164
0.092,1.024,0.200,0.024,1.040,-0.048
0.092,1.032,0.220,0.044,1.040,-0.060
0.116,1.056,0.248,0.032,1.040,-0.132
0.080,1.020,0.192,0.028,1.052,-0.020
0.100,1.044,0.240,0.048,1.032,-0.188
0.112,1.032,0.212,0.020,1.048,-0.024
0.080,1.020,0.200,0.060,1.044,-0.140
0.108,1.052,0.244,0.020,1.048,-0.064
0.100,1.024,0.204,0.048,1.040,-0.064
0.088,1.024,0.208,0.032,1.040,-0.116
0.116,1.048,0.244,0.028,1.048,-0.020
0.092,1.024,0.192,0.044,1.036,-0.180
0.092,1.028,0.216,0.020,1.048,-0.008
0.120,1.052,0.244,0.064,1.032,-0.212
0.088,1.016,0.192,0.020,1.044,-0.056
0.096,1.036,0.220,0.052,1.048,-0.056
0.124,1.056,0.244,0.036,1.036,-0.116
0.088,1.016,0.192,0.036,1.044,-0.024
0.100,1.040,0.232,0.048,1.032,-0.176
0.120,1.048,0.232,0.024,1.044,-0.012
0.092,1.016,0.200,0.052,1.036,-0.196
0.104,1.044,0.240,0.020,1.048,-0.052
0.116,1.048,0.240,0.064,1.032,-0.204
0.088,1.020,0.200,0.028,1.040,-0.080
0.112,1.052,0.240,0.040,1.048,-0.052
0.112,1.036,0.224,0.040,1.036,-0.140
0.088,1.024,0.204,0.024,1.048,0.000
0.112,1.056,0.240,0.056,1.032,-0.204
0.108,1.036,0.220,0.020,1.048,-0.032
0.084,1.028,0.216,0.060,1.032,-0.216
0.116,1.052,0.244,0.024,1.044,-0.068
0.092,1.020,0.196,0.060,1.032,-0.176
0.096,1.040,0.224,0.032,1.036,-0.136
0.120,1.056,0.240,0.028,1.052,-0.008
0.084,1.020,0.192,0.048,1.032,-0.184
0.100,1.044,0.232,0.020,1.048,-0.032
0.120,1.052,0.240,0.060,1.032,-0.216
0.084,1.024,0.200,0.024,1.044,-0.068
0.100,1.048,0.236,0.068,1.036,-0.188
0.104,1.044,0.228,0.040,1.040,-0.120
0.096,1.024,0.204,0.056,1.036,-0.140
0.100,1.044,0.216,0.032,1.044,-0.080
0.112,1.048,0.236,0.044,1.044,-0.064
0.092,1.024,0.196,0.036,1.040,-0.140
0.100,1.040,0.224,0.028,1.044,-0.008
0.116,1.044,0.252,0.048,1.032,-0.204
0.088,1.020,0.192,0.020,1.048,-0.020
0.104,1.048,0.240,0.064,1.036,-0.212
0.116,1.044,0.236,0.024,1.044,-0.060
0.084,1.024,0.196,0.036,1.048,-0.060
0.112,1.048,0.236,0.036,1.040,-0.140
0.112,1.040,0.224,0.032,1.048,-0.028
0.088,1.032,0.208,0.044,1.036,-0.180
0.120,1.052,0.248,0.020,1.052,-0.024
0.108,1.032,0.212,0.060,1.032,-0.204
0.092,1.032,0.216,0.020,1.044,-0.036
0.120,1.052,0.244,0.068,1.032,-0.196
0.088,1.020,0.188,0.032,1.036,-0.120
0.096,1.036,0.224,0.040,1.048,-0.008
0.116,1.052,0.240,0.044,1.040,-0.176
0.084,1.020,0.204,0.020,1.044,-0.028
0.112,1.044,0.244,0.064,1.032,-0.224
0.116,1.040,0.228,0.028,1.040,-0.092
0.088,1.024,0.212,0.064,1.036,-0.156
0.120,1.052,0.244,0.044,1.036,-0.180
0.108,1.032,0.212,0.052,1.044,-0.084
0.088,1.032,0.224,0.056,1.032,-0.204
0.124,1.052,0.244,0.024,1.052,-0.044
0.100,1.028,0.200,0.064,1.032,-0.196
0.100,1.040,0.232,0.024,1.044,-0.092
0.116,1.052,0.240,0.060,1.036,-0.168
0.100,1.024,0.196,0.040,1.036,-0.156
0.108,1.044,0.236,0.056,1.040,-0.112
0.116,1.048,0.236,0.052,1.032,-0.192
0.084,1.020,0.188,0.036,1.044,-0.044
0.108,1.048,0.244,0.060,1.032,-0.212
0.108,1.040,0.220,0.028,1.044,-0.072
0.084,1.020,0.192,0.064,1.032,-0.180
0.112,1.060,0.244,0.036,1.036,-0.148
0.116,1.028,0.212,0.056,1.044,-0.112
0.084,1.020,0.196,0.060,1.036,-0.204
0.116,1.052,0.244,0.032,1.044,-0.016
0.096,1.020,0.188,0.064,1.036,-0.192
0.104,1.048,0.240,0.020,1.048,0.000
0.120,1.040,0.228,0.064,1.036,-0.124
0.088,1.020,0.192,0.052,1.040,-0.188
0.116,1.052,0.248,0.044,1.044,-0.068
0.112,1.036,0.224,0.064,1.032,-0.192
0.084,1.016,0.196,0.028,1.048,-0.028
0.120,1.056,0.248,0.068,1.028,-0.196
0.104,1.028,0.208,0.020,1.048,-0.020
0.088,1.020,0.196,0.060,1.036,-0.140
0.124,1.052,0.244,0.024,1.044,-0.048
0.100,1.024,0.196,0.048,1.040,-0.080
0.084,1.024,0.204,0.060,1.032,-0.212
0.124,1.048,0.240,0.032,1.048,-0.008
0.096,1.016,0.192,0.068,1.032,-0.204
0.088,1.028,0.208,0.020,1.048,-0.008
0.116,1.040,0.232,0.060,1.036,-0.148
0.088,1.016,0.196,0.020,1.044,-0.048
0.100,1.036,0.232,0.040,1.040,-0.056
0.108,1.032,0.208,0.064,1.036,-0.196
0.084,1.020,0.196,0.028,1.052,0.008
0.112,1.048,0.240,0.064,1.032,-0.172
0.096,1.020,0.196,0.020,1.052,-0.036
0.084,1.028,0.204,0.048,1.040,-0.096
0.112,1.056,0.248,0.024,1.044,-0.092
0.088,1.020,0.188,0.036,1.044,-0.048
0.096,1.036,0.216,0.036,1.036,-0.156
0.116,1.044,0.228,0.032,1.048,-0.004
0.084,1.016,0.192,0.068,1.036,-0.168
0.100,1.044,0.228,0.020,1.044,-0.024
0.112,1.032,0.212,0.052,1.036,-0.112
0.092,1.020,0.192,0.028,1.040,-0.068
0.104,1.044,0.236,0.044,1.044,-0.044
0.104,1.032,0.212,0.040,1.036,-0.148
0.084,1.024,0.200,0.028,1.048,0.004
0.108,1.044,0.240,0.048,1.036,-0.200
0.100,1.024,0.196,0.020,1.048,-0.028
0.088,1.024,0.216,0.048,1.044,-0.088
0.108,1.044,0.224,0.044,1.040,-0.140
0.092,1.032,0.204,0.028,1.040,-0.056
0.112,1.040,0.240,0.056,1.032,-0.184
0.104,1.032,0.200,0.032,1.036,-0.128
0.100,1.040,0.232,0.056,1.036,-0.096
0.112,1.040,0.232,0.044,1.032,-0.208
0.092,1.028,0.192,0.044,1.044,-0.036
0.120,1.040,0.240,0.060,1.032,-0.196
0.112,1.032,0.220,0.024,1.048,-0.096
0.088,1.020,0.192,0.064,1.036,-0.160
0.112,1.052,0.248,0.044,1.036,-0.144
0.108,1.028,0.208,0.056,1.040,-0.104
0.084,1.016,0.196,0.052,1.032,-0.204
0.116,1.052,0.240,0.036,1.048,-0.052
0.100,1.028,0.200,0.060,1.032,-0.212
0.096,1.040,0.228,0.024,1.048,-0.008
0.120,1.056,0.240,0.064,1.036,-0.180
0.096,1.024,0.196,0.036,1.044,-0.132
0.104,1.044,0.232,0.056,1.036,-0.104
0.108,1.056,0.224,0.056,1.032,-0.200
0.096,1.024,0.200,0.036,1.040,-0.048
0.112,1.036,0.228,0.048,1.048,-0.088
0.092,1.036,0.196,0.036,1.040,-0.124
0.108,1.032,0.232,0.032,1.048,-0.032
0.112,1.032,0.200,0.060,1.032,-0.144
0.084,1.028,0.200,0.016,1.052,-0.032
0.108,1.044,0.248,0.056,1.040,-0.100
0.100,1.024,0.196,0.028,1.040,-0.104
0.092,1.028,0.212,0.040,1.044,-0.028
0.116,1.048,0.244,0.040,1.036,-0.160
0.096,1.016,0.188,0.028,1.052,-0.036
0.096,1.032,0.220,0.052,1.032,-0.196
0.116,1.056,0.244,0.020,1.048,-0.024
0.088,1.016,0.196,0.052,1.040,-0.112
0.104,1.044,0.224,0.024,1.044,-0.080
0.124,1.048,0.236,0.044,1.044,-0.044
0.088,1.020,0.192,0.040,1.040,-0.132
0.104,1.048,0.236,0.028,1.048,-0.020
0.112,1.048,0.228,0.052,1.032,-0.208
0.084,1.024,0.196,0.020,1.048,-0.004
0.108,1.052,0.232,0.056,1.032,-0.208
0.104,1.028,0.216,0.028,1.048,-0.064
0.088,1.020,0.192,0.056,1.040,-0.132
0.100,1.048,0.228,0.024,1.044,-0.040
0.108,1.028,0.220,0.048,1.040,-0.100
0.084,1.024,0.192,0.032,1.044,-0.096
0.108,1.044,0.236,0.036,1.048,-0.040
0.104,1.024,0.204,0.040,1.036,-0.152
0.088,1.028,0.200,0.028,1.048,-0.020
0.116,1.048,0.244,0.052,1.032,-0.204
0.092,1.024,0.196,0.024,1.048,-0.016
0.092,1.028,0.204,0.052,1.048,-0.116
0.120,1.048,0.244,0.028,1.040,-0.076
0.092,1.020,0.196,0.040,1.048,-0.036
0.088,1.032,0.216,0.032,1.036,-0.144
0.116,1.060,0.244,0.028,1.048,-0.016
0.088,1.020,0.192,0.052,1.032,-0.212
0.100,1.036,0.224,0.020,1.048,-0.028
0.120,1.052,0.244,0.064,1.036,-0.204
0.088,1.016,0.192,0.024,1.044,-0.076
0.104,1.044,0.228,0.040,1.044,-0.056
0.096,1.052,0.216,0.040,1.040,-0.112
0.108,1.024,0.224,0.048,1.036,-0.164
0.100,1.032,0.192,0.032,1.044,-0.028
0.104,1.044,0.228,0.056,1.036,-0.148
0.108,1.024,0.208,0.028,1.044,-0.044
0.088,1.032,0.188,0.048,1.040,-0.068
0.112,1.044,0.240,0.028,1.044,-0.124
0.096,1.024,0.200,0.036,1.044,-0.020
0.088,1.032,0.204,0.060,1.032,-0.192
0.124,1.044,0.240,0.024,1.048,-0.012
0.096,1.020,0.192,0.056,1.040,-0.128
0.092,1.036,0.216,0.020,1.048,-0.060
0.112,1.040,0.228,0.044,1.044,-0.092
0.088,1.020,0.192,0.032,1.040,-0.108
0.100,1.040,0.224,0.032,1.048,-0.028
0.112,1.036,0.220,0.068,1.032,-0.200
0.084,1.024,0.196,0.024,1.048,-0.012
0.104,1.048,0.232,0.060,1.036,-0.156
0.108,1.032,0.208,0.020,1.048,-0.032
0.088,1.024,0.208,0.040,1.040,-0.076
0.108,1.044,0.220,0.048,1.032,-0.152
0.096,1.032,0.208,0.032,1.040,-0.048
0.112,1.032,0.240,0.052,1.036,-0.168
0.104,1.036,0.200,0.040,1.036,-0.168
0.096,1.036,0.220,0.036,1.048,-0.004
0.120,1.040,0.244,0.056,1.032,-0.208
0.100,1.024,0.188,0.020,1.044,-0.060
0.104,1.040,0.240,0.064,1.032,-0.196
0.116,1.044,0.228,0.028,1.044,-0.124
0.088,1.024,0.192,0.060,1.040,-0.124
0.112,1.040,0.240,0.052,1.032,-0.180
0.108,1.044,0.224,0.048,1.044,-0.068
0.084,1.020,0.192,0.056,1.032,-0.208
0.116,1.048,0.244,0.024,1.048,-0.052
0.108,1.028,0.212,0.060,1.036,-0.196
0.096,1.032,0.212,0.028,1.040,-0.112
0.124,1.052,0.240,0.060,1.040,-0.144
0.108,1.028,0.200,0.044,1.032,-0.168
0.096,1.040,0.216,0.048,1.044,-0.096
0.112,1.056,0.236,0.056,1.032,-0.200
0.100,1.024,0.204,0.044,1.040,-0.044
0.092,1.040,0.208,0.048,1.036,-0.156
0.112,1.052,0.232,0.032,1.044,-0.028
0.108,1.032,0.216,0.052,1.036,-0.204
0.092,1.040,0.208,0.028,1.044,-0.052
0.116,1.044,0.244,0.056,1.032,-0.192
0.108,1.028,0.208,0.036,1.040,-0.120
0.096,1.036,0.220,0.056,1.036,-0.140
0.120,1.048,0.244,0.044,1.032,-0.172
0.100,1.024,0.200,0.048,1.044,-0.080
0.100,1.044,0.232,0.056,1.036,-0.220
0.120,1.052,0.232,0.024,1.044,-0.048
0.092,1.020,0.196,0.064,1.032,-0.200
0.108,1.048,0.240,0.032,1.036,-0.096
0.116,1.040,0.228,0.060,1.036,-0.160
0.092,1.020,0.192,0.040,1.036,-0.168
0.112,1.056,0.240,0.052,1.040,-0.084
0.112,1.040,0.212,0.060,1.032,-0.204
0.088,1.016,0.192,0.036,1.048,-0.040
0.120,1.048,0.244,0.068,1.032,-0.208
0.100,1.032,0.200,0.032,1.040,-0.108
0.100,1.040,0.228,0.056,1.036,-0.136
0.120,1.048,0.236,0.048,1.032,-0.208
0.092,1.028,0.192,0.040,1.044,-0.036
0.104,1.048,0.244,0.064,1.032,-0.204
0.116,1.044,0.224,0.024,1.048,-0.020
0.088,1.020,0.188,0.064,1.032,-0.184
0.116,1.056,0.240,0.036,1.040,-0.132
0.112,1.036,0.216,0.052,1.040,-0.116
0.088,1.020,0.196,0.052,1.032,-0.188
0.120,1.052,0.244,0.040,1.044,-0.064
0.104,1.028,0.200,0.060,1.032,-0.208
0.084,1.024,0.200,0.028,1.048,-0.012
0.116,1.052,0.240,0.068,1.036,-0.196
0.096,1.024,0.196,0.020,1.044,-0.012
0.088,1.032,0.204,0.056,1.040,-0.132
0.120,1.052,0.236,0.060,1.036,-0.192
0.092,1.020,0.192,0.044,1.040,-0.060
0.092,1.036,0.216,0.064,1.032,-0.216
0.120,1.040,0.232,0.028,1.044,-0.008
0.100,1.016,0.200,0.056,1.032,-0.180
0.096,1.036,0.200,0.048,1.040,-0.092
0.108,1.048,0.228,0.048,1.036,-0.156
0.108,1.028,0.224,0.044,1.040,-0.092
0.092,1.028,0.192,0.052,1.036,-0.192
0.116,1.048,0.240,0.032,1.048,-0.040
0.104,1.028,0.212,0.060,1.032,-0.192
0.092,1.036,0.212,0.036,1.040,-0.124
0.116,1.040,0.244,0.056,1.036,-0.136
0.100,1.028,0.208,0.040,1.032,-0.176
0.096,1.036,0.224,0.048,1.040,-0.076
0.120,1.048,0.244,0.056,1.036,-0.208
0.096,1.020,0.192,0.032,1.044,-0.028
0.104,1.044,0.232,0.064,1.036,-0.196
0.120,1.048,0.232,0.036,1.044,-0.116
0.092,1.020,0.188,0.060,1.036,-0.152
0.108,1.048,0.240,0.044,1.032,-0.152
0.116,1.040,0.224,0.048,1.040,-0.096
0.084,1.020,0.192,0.056,1.032,-0.208
0.116,1.052,0.240,0.032,1.044,-0.020
0.104,1.036,0.216,0.064,1.032,-0.200
0.088,1.020,0.200,0.020,1.044,-0.020
0.120,1.048,0.244,0.052,1.036,-0.124
0.096,1.024,0.196,0.056,1.032,-0.196
0.088,1.028,0.212,0.040,1.044,-0.048
0.116,1.048,0.236,0.064,1.032,-0.208
0.092,1.020,0.196,0.024,1.048,-0.008
0.096,1.036,0.228,0.064,1.036,-0.164
0.112,1.040,0.224,0.020,1.048,-0.032
0.084,1.020,0.192,0.056,1.040,-0.112
0.120,1.052,0.248,0.064,1.040,-0.188
0.100,1.036,0.216,0.040,1.040,-0.052
0.084,1.020,0.196,0.064,1.036,-0.208
0.116,1.052,0.240,0.024,1.044,-0.016
0.104,1.020,0.200,0.060,1.032,-0.184
0.080,1.028,0.204,0.024,1.044,-0.024
0.116,1.052,0.240,0.060,1.036,-0.132
0.092,1.020,0.196,0.024,1.048,-0.056
0.088,1.032,0.208,0.044,1.040,-0.064
0.116,1.048,0.232,0.064,1.032,-0.208
0.088,1.020,0.192,0.028,1.048,-0.020
0.104,1.040,0.224,0.064,1.040,-0.168
0.112,1.036,0.212,0.024,1.048,-0.032
0.088,1.020,0.196,0.048,1.044,-0.084
0.108,1.040,0.244,0.028,1.040,-0.112
0.100,1.024,0.188,0.032,1.048,-0.016
0.088,1.028,0.204,0.044,1.032,-0.188
0.116,1.052,0.240,0.020,1.044,-0.016
0.092,1.024,0.196,0.064,1.036,-0.144
0.092,1.032,0.212,0.020,1.044,-0.048
0.120,1.052,0.244,0.052,1.040,-0.092
0.088,1.016,0.196,0.032,1.040,-0.100
0.096,1.040,0.224,0.036,1.048,-0.036
0.120,1.056,0.236,0.044,1.036,-0.168
0.088,1.020,0.188,0.020,1.048,-0.012
0.108,1.040,0.232,0.056,1.036,-0.200
0.120,1.048,0.236,0.024,1.048,-0.040
0.084,1.020,0.196,0.048,1.040,-0.092
0.108,1.052,0.236,0.028,1.040,-0.084
0.100,1.024,0.204,0.036,1.044,-0.028
0.092,1.024,0.204,0.040,1.044,-0.156
0.120,1.048,0.240,0.020,1.048,-0.016
0.092,1.024,0.192,0.064,1.032,-0.212
0.096,1.036,0.224,0.024,1.044,-0.072
0.120,1.048,0.240,0.064,1.032,-0.184
0.084,1.020,0.196,0.040,1.036,-0.144
0.108,1.040,0.236,0.028,1.052,0.000
0.120,1.048,0.228,0.052,1.032,-0.200
0.088,1.024,0.204,0.020,1.048,-0.024
0.108,1.048,0.240,0.064,1.032,-0.200
0.116,1.040,0.220,0.024,1.044,-0.068
0.088,1.024,0.208,0.068,1.032,-0.188
0.116,1.056,0.240,0.036,1.036,-0.132
0.112,1.036,0.212,0.056,1.036,-0.124
0.088,1.032,0.212,0.048,1.036,-0.188
0.116,1.052,0.240,0.020,1.052,-0.020
0.104,1.028,0.200,0.060,1.032,-0.212
0.104,1.040,0.224,0.024,1.044,-0.060
0.120,1.048,0.236,0.064,1.032,-0.196
0.096,1.020,0.196,0.036,1.036,-0.132
0.104,1.044,0.232,0.064,1.036,-0.136
0.120,1.048,0.228,0.056,1.028,-0.192
0.084,1.024,0.192,0.024,1.048,-0.032
0.116,1.048,0.252,0.068,1.032,-0.208
0.108,1.036,0.212,0.028,1.040,-0.096
0.092,1.032,0.216,0.064,1.032,-0.156
0.120,1.052,0.244,0.040,1.036,-0.172
0.104,1.024,0.200,0.044,1.040,-0.092
0.096,1.036,0.228,0.056,1.032,-0.192
0.116,1.052,0.236,0.036,1.048,-0.036
0.096,1.024,0.196,0.064,1.032,-0.204
0.108,1.048,0.236,0.032,1.040,-0.092
0.116,1.044,0.228,0.060,1.040,-0.172
0.088,1.020,0.196,0.044,1.036,-0.168
0.108,1.052,0.248,0.052,1.040,-0.092
0.116,1.044,0.228,0.052,1.032,-0.200
0.084,1.020,0.196,0.036,1.040,-0.032
0.116,1.056,0.244,0.064,1.032,-0.216
0.104,1.036,0.212,0.028,1.048,-0.008
0.084,1.024,0.200,0.064,1.036,-0.168
0.116,1.056,0.244,0.036,1.040,-0.136
0.108,1.032,0.220,0.052,1.032,-0.116
0.100,1.020,0.208,0.032,1.044,-0.072
0.100,1.048,0.216,0.056,1.036,-0.172
0.116,1.040,0.240,0.032,1.044,-0.080
0.108,1.020,0.212,0.052,1.032,-0.172
0.096,1.044,0.224,0.040,1.036,-0.136
0.112,1.048,0.240,0.056,1.044,-0.120
0.096,1.024,0.196,0.052,1.036,-0.200
0.108,1.040,0.240,0.024,1.048,0.000
0.116,1.040,0.232,0.056,1.032,-0.208
0.084,1.020,0.196,0.024,1.044,-0.092
0.108,1.056,0.244,0.060,1.036,-0.168
0.112,1.040,0.228,0.036,1.040,-0.128
0.084,1.036,0.208,0.052,1.040,-0.132
0.116,1.052,0.244,0.048,1.032,-0.188
0.108,1.032,0.208,0.044,1.040,-0.068
0.096,1.032,0.216,0.060,1.032,-0.204
0.120,1.052,0.248,0.024,1.048,-0.064
0.100,1.028,0.200,0.064,1.032,-0.192
0.096,1.040,0.224,0.036,1.040,-0.116
0.120,1.044,0.236,0.048,1.040,-0.120
0.088,1.024,0.192,0.056,1.036,-0.220
0.116,1.044,0.244,0.036,1.044,-0.016
0.112,1.040,0.216,0.068,1.028,-0.200
0.084,1.020,0.192,0.028,1.036,-0.108
0.120,1.052,0.244,0.060,1.036,-0.144
0.108,1.032,0.208,0.040,1.032,-0.160
0.088,1.016,0.196,0.048,1.040,-0.084
0.116,1.060,0.240,0.056,1.028,-0.212
0.100,1.024,0.200,0.032,1.048,-0.036
0.088,1.024,0.208,0.064,1.032,-0.188
0.124,1.052,0.240,0.024,1.048,-0.016
0.088,1.028,0.192,0.060,1.032,-0.168
0.088,1.032,0.212,0.048,1.036,-0.148
0.120,1.044,0.236,0.052,1.036,-0.100
0.092,1.016,0.192,0.056,1.032,-0.212
0.112,1.056,0.244,0.036,1.048,-0.040
0.116,1.036,0.220,0.060,1.036,-0.208
0.088,1.020,0.192,0.024,1.052,-0.004
0.116,1.052,0.244,0.068,1.036,-0.180
0.100,1.032,0.208,0.028,1.044,-0.040
0.084,1.024,0.204,0.040,1.048,-0.068
0.120,1.048,0.240,0.064,1.036,-0.220
0.088,1.020,0.188,0.028,1.048,-0.008
0.092,1.032,0.220,0.068,1.032,-0.172
0.116,1.044,0.224,0.020,1.048,-0.020
0.088,1.020,0.192,0.060,1.040,-0.128
0.100,1.040,0.232,0.024,1.048,-0.068
0.112,1.036,0.212,0.040,1.044,-0.060
0.088,1.020,0.200,0.036,1.040,-0.136
0.100,1.052,0.236,0.028,1.044,-0.016
0.104,1.028,0.212,0.064,1.036,-0.184
0.088,1.020,0.200,0.020,1.048,-0.008
0.112,1.048,0.244,0.056,1.040,-0.148
0.096,1.024,0.200,0.024,1.044,-0.048
0.084,1.024,0.204,0.040,1.048,-0.064
0.120,1.048,0.248,0.036,1.040,-0.128
0.092,1.020,0.192,0.032,1.048,-0.016
0.088,1.036,0.212,0.048,1.032,-0.176
0.120,1.056,0.248,0.016,1.052,-0.008
0.104,1.020,0.208,0.052,1.036,-0.144
0.096,1.028,0.208,0.036,1.048,-0.096
0.108,1.052,0.228,0.056,1.032,-0.156
0.112,1.024,0.228,0.040,1.040,-0.064
0.092,1.028,0.196,0.052,1.032,-0.200
0.112,1.044,0.248,0.028,1.044,-0.004
0.108,1.032,0.216,0.056,1.036,-0.152
0.092,1.024,0.188,0.028,1.048,-0.052
0.120,1.048,0.252,0.048,1.040,-0.088
0.108,1.024,0.208,0.060,1.032,-0.208
0.084,1.028,0.196,0.032,1.044,-0.024
0.120,1.048,0.236,0.064,1.032,-0.200
0.096,1.024,0.196,0.020,1.048,-0.008
0.088,1.028,0.212,0.056,1.036,-0.156
0.124,1.044,0.244,0.024,1.048,-0.048
0.096,1.024,0.192,0.048,1.040,-0.100
0.092,1.036,0.220,0.060,1.032,-0.188
0.112,1.040,0.224,0.036,1.048,-0.040
0.092,1.024,0.192,0.064,1.036,-0.204
0.104,1.040,0.224,0.020,1.048,-0.004
0.100,1.036,0.212,0.056,1.040,-0.160
0.088,1.020,0.204,0.020,1.044,-0.052
0.108,1.048,0.244,0.044,1.048,-0.056
0.092,1.024,0.196,0.036,1.040,-0.132
0.088,1.032,0.212,0.024,1.048,-0.008
0.116,1.056,0.244,0.072,1.036,-0.188
0.088,1.016,0.192,0.020,1.048,-0.016
0.096,1.032,0.224,0.056,1.036,-0.120
0.112,1.044,0.220,0.024,1.044,-0.076
0.084,1.020,0.188,0.044,1.044,-0.064
0.096,1.048,0.232,0.032,1.036,-0.132
0.112,1.032,0.208,0.032,1.048,-0.020
0.084,1.020,0.200,0.048,1.036,-0.188
0.108,1.044,0.236,0.020,1.044,-0.016
0.104,1.028,0.204,0.056,1.044,-0.124
0.088,1.024,0.204,0.020,1.048,-0.060
0.108,1.052,0.240,0.040,1.044,-0.076
0.096,1.020,0.200,0.036,1.040,-0.112
0.092,1.028,0.208,0.028,1.048,-0.012
0.116,1.052,0.248,0.044,1.032,-0.188
0.088,1.024,0.188,0.024,1.044,-0.016
0.100,1.040,0.224,0.060,1.036,-0.204
0.120,1.048,0.244,0.032,1.040,-0.092
0.084,1.020,0.192,0.036,1.048,-0.032
0.108,1.044,0.240,0.040,1.036,-0.168
0.116,1.044,0.232,0.024,1.048,-0.004
0.084,1.028,0.204,0.060,1.032,-0.212
0.116,1.052,0.244,0.020,1.052,-0.048
0.108,1.032,0.220,0.064,1.036,-0.192
0.088,1.032,0.212,0.028,1.044,-0.096
0.116,1.056,0.248,0.060,1.036,-0.172
0.104,1.032,0.212,0.040,1.036,-0.156
0.096,1.032,0.220,0.024,1.052,0.000
0.116,1.060,0.244,0.056,1.032,-0.200
0.100,1.024,0.196,0.024,1.044,-0.032
0.100,1.044,0.232,0.064,1.032,-0.212
0.120,1.052,0.240,0.024,1.040,-0.076
0.084,1.020,0.196,0.064,1.032,-0.180
0.112,1.044,0.244,0.040,1.036,-0.148
0.116,1.044,0.232,0.056,1.036,-0.116
0.088,1.020,0.208,0.060,1.036,-0.200
0.120,1.048,0.248,0.024,1.040,-0.044
0.104,1.036,0.212,0.064,1.032,-0.192
0.092,1.036,0.224,0.032,1.044,-0.128
0.124,1.048,0.240,0.060,1.036,-0.140
0.096,1.024,0.196,0.052,1.036,-0.204
0.100,1.044,0.236,0.044,1.040,-0.064
0.116,1.048,0.236,0.060,1.032,-0.204
0.096,1.016,0.188,0.036,1.044,-0.024
0.108,1.048,0.244,0.064,1.036,-0.188
0.112,1.044,0.224,0.036,1.040,-0.112
0.088,1.020,0.188,0.056,1.036,-0.148
0.116,1.048,0.244,0.044,1.036,-0.188
0.104,1.040,0.216,0.044,1.044,-0.072
0.084,1.020,0.192,0.060,1.032,-0.208
0.120,1.052,0.248,0.036,1.040,-0.024
0.104,1.028,0.212,0.064,1.036,-0.200
0.088,1.020,0.204,0.028,1.040,-0.100
0.120,1.056,0.244,0.060,1.032,-0.160
0.104,1.020,0.200,0.044,1.036,-0.180
0.092,1.028,0.208,0.040,1.044,-0.072
0.120,1.044,0.236,0.064,1.032,-0.204
0.092,1.024,0.192,0.028,1.048,0.000
0.116,1.048,0.248,0.064,1.032,-0.176
0.108,1.040,0.216,0.020,1.044,-0.020
0.084,1.020,0.196,0.056,1.044,-0.100
0.120,1.052,0.244,0.056,1.040,-0.208
0.100,1.032,0.204,0.036,1.048,-0.040
0.080,1.024,0.208,0.064,1.032,-0.200
0.120,1.052,0.248,0.028,1.048,-0.008
0.096,1.028,0.196,0.064,1.036,-0.184
0.092,1.032,0.216,0.020,1.048,-0.020
0.120,1.044,0.236,0.056,1.040,-0.112
0.092,1.020,0.192,0.024,1.044,-0.084
0.092,1.036,0.220,0.040,1.044,-0.044
0.112,1.040,0.224,0.064,1.040,-0.208
0.088,1.020,0.196,0.028,1.044,-0.004
0.096,1.044,0.228,0.068,1.036,-0.192
0.112,1.036,0.212,0.020,1.044,-0.024
0.084,1.016,0.196,0.052,1.040,-0.120
0.100,1.044,0.232,0.020,1.044,-0.068
0.112,1.036,0.220,0.056,1.036,-0.116
0.104,1.020,0.216,0.032,1.048,-0.064
0.100,1.040,0.196,0.052,1.040,-0.164
0.116,1.036,0.240,0.036,1.044,-0.132
0.100,1.028,0.212,0.052,1.036,-0.136
0.088,1.036,0.204,0.044,1.040,-0.180
0.116,1.044,0.248,0.044,1.040,-0.064
0.092,1.024,0.200,0.064,1.032,-0.216
0.108,1.044,0.240,0.036,1.040,-0.012
0.116,1.040,0.236,0.064,1.032,-0.180
0.088,1.020,0.196,0.020,1.048,-0.024
0.116,1.052,0.248,0.060,1.036,-0.136
0.112,1.036,0.220,0.052,1.040,-0.172
0.088,1.016,0.188,0.040,1.048,-0.076
0.120,1.048,0.244,0.060,1.032,-0.204
0.112,1.032,0.220,0.036,1.048,-0.020
0.084,1.020,0.200,0.068,1.032,-0.192
0.116,1.048,0.252,0.024,1.048,-0.012
0.104,1.024,0.204,0.060,1.036,-0.164
0.096,1.020,0.204,0.024,1.044,-0.028
0.104,1.044,0.216,0.036,1.040,-0.052
0.088,1.036,0.208,0.052,1.044,-0.128
0.108,1.032,0.240,0.036,1.040,-0.080
0.092,1.032,0.192,0.036,1.044,-0.040
0.092,1.040,0.232,0.036,1.040,-0.184
0.116,1.040,0.248,0.024,1.048,-0.016
0.088,1.024,0.192,0.056,1.032,-0.204
0.104,1.040,0.244,0.020,1.044,-0.048
0.120,1.040,0.232,0.048,1.048,-0.056
0.088,1.024,0.200,0.028,1.044,-0.124
0.116,1.048,0.248,0.032,1.044,-0.020
0.116,1.040,0.224,0.044,1.036,-0.172
0.088,1.032,0.212,0.020,1.048,-0.028
0.120,1.056,0.248,0.060,1.032,-0.204
0.092,1.024,0.196,0.024,1.048,-0.036
0.092,1.032,0.216,0.068,1.036,-0.208
0.116,1.052,0.248,0.032,1.040,-0.104
0.088,1.020,0.192,0.036,1.056,-0.028
0.100,1.036,0.232,0.044,1.036,-0.164
0.120,1.052,0.248,0.024,1.048,-0.016
0.092,1.016,0.200,0.044,1.032,-0.188
0.096,1.040,0.220,0.024,1.044,-0.048
0.116,1.048,0.244,0.052,1.036,-0.176
0.092,1.020,0.200,0.020,1.044,-0.028
0.100,1.036,0.212,0.056,1.032,-0.204
0.120,1.048,0.252,0.024,1.044,-0.052
0.088,1.020,0.196,0.044,1.044,-0.080
0.100,1.044,0.224,0.032,1.040,-0.120
0.120,1.044,0.248,0.032,1.044,-0.020
0.084,1.020,0.200,0.044,1.036,-0.176
0.108,1.048,0.236,0.024,1.048,-0.016
0.120,1.044,0.240,0.060,1.032,-0.216
0.088,1.020,0.204,0.024,1.044,-0.044
0.112,1.048,0.244,0.068,1.036,-0.196
0.116,1.044,0.232,0.036,1.040,-0.100
0.088,1.028,0.208,0.040,1.048,-0.024
0.116,1.052,0.252,0.044,1.032,-0.168
0.112,1.032,0.220,0.020,1.048,-0.012
0.088,1.032,0.212,0.060,1.032,-0.200
0.112,1.052,0.252,0.028,1.052,-0.032
0.092,1.028,0.212,0.064,1.036,-0.216
0.100,1.044,0.232,0.036,1.036,-0.144
0.116,1.044,0.240,0.052,1.040,-0.112
0.084,1.024,0.204,0.056,1.032,-0.204
0.116,1.048,0.248,0.024,1.052,-0.020
0.116,1.036,0.224,0.068,1.032,-0.208
0.088,1.028,0.216,0.020,1.044,-0.068
0.120,1.052,0.252,0.064,1.032,-0.180
0.108,1.032,0.216,0.032,1.040,-0.156
0.096,1.036,0.220,0.052,1.040,-0.116
0.116,1.052,0.252,0.052,1.032,-0.184
0.096,1.024,0.204,0.040,1.044,-0.064
0.100,1.040,0.232,0.064,1.032,-0.216
0.120,1.052,0.244,0.028,1.044,-0.056
0.096,1.020,0.204,0.064,1.036,-0.188
0.108,1.044,0.236,0.036,1.040,-0.136
0.116,1.044,0.240,0.056,1.036,-0.124
0.092,1.020,0.196,0.048,1.032,-0.184
0.108,1.052,0.244,0.044,1.044,-0.056
0.116,1.040,0.232,0.060,1.036,-0.220
0.108,1.016,0.204,0.040,1.052,-0.068
0.100,1.044,0.216,0.040,1.036,-0.128
0.108,1.048,0.232,0.032,1.048,-0.056
0.108,1.024,0.232,0.040,1.036,-0.176
0.092,1.040,0.208,0.024,1.048,-0.012
0.120,1.048,0.248,0.052,1.032,-0.208
0.096,1.020,0.196,0.024,1.044,-0.064
0.088,1.036,0.224,0.060,1.036,-0.188
0.116,1.048,0.244,0.032,1.040,-0.120
0.088,1.016,0.196,0.036,1.048,-0.020
0.100,1.044,0.228,0.048,1.036,-0.184
0.112,1.044,0.244,0.024,1.044,-0.012
0.088,1.020,0.196,0.060,1.028,-0.208
0.108,1.048,0.248,0.020,1.044,-0.040
0.112,1.044,0.232,0.068,1.032,-0.192
0.084,1.020,0.200,0.028,1.040,-0.100
0.112,1.048,0.252,0.060,1.036,-0.156
0.112,1.040,0.224,0.044,1.036,-0.168
0.084,1.032,0.212,0.024,1.052,0.008
0.116,1.052,0.256,0.052,1.032,-0.208
0.100,1.036,0.208,0.028,1.040,-0.060
0.096,1.036,0.228,0.060,1.036,-0.192
0.120,1.048,0.244,0.032,1.040,-0.148
0.088,1.024,0.192,0.056,1.040,-0.124
0.112,1.044,0.244,0.056,1.032,-0.208
0.120,1.044,0.236,0.036,1.048,-0.036
0.084,1.020,0.200,0.064,1.032,-0.212
0.116,1.052,0.252,0.028,1.048,-0.096
0.112,1.040,0.224,0.068,1.032,-0.168
0.088,1.020,0.200,0.036,1.036,-0.144
0.120,1.052,0.252,0.056,1.040,-0.120
0.104,1.028,0.216,0.052,1.032,-0.200
0.084,1.024,0.200,0.040,1.040,-0.048
0.120,1.048,0.252,0.064,1.032,-0.208
0.100,1.024,0.208,0.032,1.048,-0.016
0.100,1.040,0.232,0.064,1.032,-0.184
0.124,1.048,0.244,0.040,1.040,-0.128
0.092,1.024,0.196,0.064,1.036,-0.136
0.104,1.048,0.236,0.048,1.036,-0.196
0.116,1.044,0.240,0.044,1.040,-0.056
0.084,1.020,0.196,0.068,1.036,-0.212
0.124,1.048,0.256,0.024,1.044,-0.012
0.108,1.028,0.212,0.060,1.036,-0.164
0.084,1.020,0.200,0.044,1.040,-0.184
0.124,1.052,0.248,0.048,1.040,-0.072
0.100,1.028,0.204,0.064,1.032,-0.216
0.088,1.024,0.216,0.028,1.052,-0.024
0.116,1.048,0.240,0.064,1.028,-0.188
0.092,1.028,0.200,0.024,1.048,-0.016
0.088,1.036,0.220,0.060,1.036,-0.160
0.116,1.044,0.232,0.024,1.044,-0.040
0.088,1.020,0.192,0.044,1.040,-0.084
0.100,1.036,0.232,0.060,1.036,-0.212
0.112,1.032,0.224,0.036,1.044,-0.028
0.084,1.020,0.196,0.060,1.032,-0.200
0.104,1.044,0.240,0.024,1.048,0.000
0.104,1.032,0.212,0.064,1.036,-0.168
0.084,1.024,0.200,0.020,1.048,-0.028
0.116,1.048,0.252,0.048,1.040,-0.096
0.096,1.028,0.204,0.024,1.044,-0.104
0.088,1.028,0.212,0.028,1.044,-0.016
0.124,1.040,0.232,0.072,1.040,-0.188
0.088,1.024,0.196,0.020,1.048,-0.008
0.096,1.036,0.236,0.056,1.040,-0.136
0.104,1.036,0.220,0.028,1.040,-0.080
0.084,1.016,0.200,0.040,1.044,-0.048
0.108,1.048,0.240,0.036,1.040,-0.152
0.100,1.024,0.208,0.028,1.052,-0.016
0.088,1.024,0.204,0.052,1.036,-0.196
0.112,1.052,0.248,0.024,1.052,-0.016
0.096,1.024,0.200,0.056,1.044,-0.132
0.088,1.028,0.212,0.024,1.048,-0.068
0.116,1.056,0.252,0.044,1.044,-0.056
0.088,1.020,0.200,0.036,1.040,-0.136
0.092,1.036,0.220,0.028,1.048,-0.024
0.116,1.056,0.244,0.044,1.036,-0.188
0.084,1.020,0.196,0.024,1.048,-0.012
0.104,1.036,0.232,0.064,1.032,-0.216
0.120,1.052,0.248,0.020,1.044,-0.064
0.088,1.020,0.200,0.044,1.044,-0.056
0.104,1.048,0.236,0.032,1.036,-0.120
0.100,1.044,0.216,0.032,1.036,-0.076
0.108,1.032,0.232,0.056,1.040,-0.148
0.112,1.032,0.224,0.040,1.036,-0.164
0.088,1.028,0.196,0.048,1.040,-0.080
0.116,1.040,0.248,0.056,1.040,-0.220
0.108,1.024,0.208,0.032,1.044,-0.016
0.096,1.036,0.232,0.064,1.032,-0.184
0.120,1.040,0.252,0.036,1.040,-0.140
0.092,1.024,0.196,0.056,1.040,-0.120
0.116,1.044,0.244,0.052,1.032,-0.184
0.112,1.044,0.240,0.044,1.044,-0.052
0.096,1.020,0.196,0.060,1.036,-0.212
0.112,1.044,0.244,0.028,1.048,-0.020
0.112,1.040,0.224,0.060,1.032,-0.196
0.088,1.020,0.196,0.032,1.040,-0.112
0.120,1.052,0.248,0.056,1.040,-0.136
0.108,1.040,0.212,0.048,1.032,-0.184
0.084,1.020,0.200,0.044,1.044,-0.068
0.116,1.056,0.248,0.064,1.032,-0.228
0.104,1.028,0.204,0.032,1.044,-0.008
0.088,1.024,0.212,0.064,1.036,-0.188
0.116,1.044,0.240,0.020,1.040,-0.032
0.092,1.024,0.192,0.052,1.040,-0.096
0.096,1.032,0.224,0.064,1.040,-0.204
0.116,1.040,0.224,0.032,1.044,-0.024
0.088,1.016,0.196,0.064,1.032,-0.208
0.104,1.040,0.236,0.020,1.048,-0.012
0.108,1.032,0.216,0.060,1.040,-0.160
0.088,1.020,0.196,0.024,1.048,-0.048
0.112,1.048,0.240,0.052,1.040,-0.108
0.100,1.028,0.200,0.028,1.044,-0.092
0.084,1.028,0.204,0.036,1.044,-0.028
0.120,1.052,0.244,0.068,1.040,-0.220
0.096,1.020,0.200,0.024,1.048,-0.008
0.092,1.028,0.216,0.060,1.036,-0.168
0.112,1.052,0.236,0.020,1.048,-0.028
0.092,1.020,0.196,0.048,1.044,-0.104
0.096,1.040,0.228,0.024,1.044,-0.084
0.116,1.048,0.224,0.032,1.048,-0.028
0.084,1.016,0.200,0.040,1.040,-0.164
0.108,1.040,0.236,0.020,1.044,-0.016
0.100,1.028,0.204,0.060,1.048,-0.136
0.084,1.024,0.200,0.020,1.048,-0.064
0.124,1.044,0.252,0.044,1.044,-0.068
0.092,1.024,0.196,0.032,1.040,-0.136
0.092,1.028,0.216,0.024,1.044,-0.012
0.120,1.052,0.244,0.048,1.032,-0.192
0.092,1.020,0.196,0.020,1.048,-0.028
0.100,1.040,0.232,0.060,1.028,-0.204
0.116,1.052,0.244,0.020,1.044,-0.064
0.084,1.020,0.192,0.044,1.048,-0.076
0.104,1.040,0.236,0.036,1.040,-0.128
0.116,1.044,0.236,0.028,1.048,0.000
0.084,1.024,0.200,0.044,1.036,-0.188
0.112,1.048,0.244,0.020,1.048,-0.016
0.112,1.036,0.232,0.060,1.032,-0.220
0.088,1.028,0.208,0.024,1.040,-0.056
0.116,1.052,0.244,0.060,1.036,-0.204
0.112,1.032,0.216,0.032,1.036,-0.120
0.096,1.028,0.216,0.036,1.048,-0.012
0.120,1.048,0.244,0.052,1.036,-0.184
0.084,1.020,0.196,0.020,1.048,-0.032
0.104,1.040,0.240,0.064,1.032,-0.204
0.116,1.048,0.240,0.024,1.048,-0.100
0.084,1.020,0.196,0.068,1.036,-0.172
0.112,1.052,0.248,0.040,1.032,-0.172
0.116,1.036,0.228,0.020,1.044,0.004
0.088,1.024,0.212,0.048,1.032,-0.208
0.116,1.056,0.248,0.020,1.048,-0.044
0.108,1.032,0.216,0.064,1.032,-0.212
0.092,1.032,0.220,0.028,1.040,-0.084
0.124,1.056,0.244,0.060,1.036,-0.184
0.100,1.024,0.204,0.044,1.036,-0.164
0.100,1.040,0.228,0.048,1.040,-0.100
0.120,1.052,0.240,0.052,1.032,-0.208
0.096,1.024,0.196,0.020,1.052,-0.036
0.104,1.044,0.232,0.064,1.032,-0.212
0.120,1.048,0.244,0.024,1.040,-0.088
0.092,1.020,0.192,0.064,1.036,-0.180
0.112,1.048,0.244,0.036,1.040,-0.160
0.112,1.048,0.228,0.056,1.040,-0.124
0.100,1.016,0.208,0.032,1.040,-0.092
0.100,1.044,0.208,0.052,1.032,-0.172
0.108,1.048,0.240,0.032,1.040,-0.076
0.112,1.024,0.228,0.044,1.048,-0.056
0.096,1.036,0.204,0.040,1.036,-0.144
0.108,1.056,0.252,0.032,1.044,-0.020
0.096,1.024,0.200,0.044,1.036,-0.200
0.096,1.036,0.220,0.020,1.048,-0.016
0.116,1.048,0.252,0.056,1.032,-0.212
0.088,1.020,0.196,0.024,1.044,-0.084
0.104,1.040,0.232,0.064,1.032,-0.168
0.116,1.052,0.244,0.032,1.040,-0.132
0.084,1.020,0.196,0.024,1.048,-0.020
0.112,1.048,0.236,0.048,1.036,-0.188
0.116,1.044,0.236,0.024,1.048,-0.008
0.088,1.024,0.200,0.060,1.032,-0.216
0.108,1.056,0.244,0.024,1.036,-0.056
0.116,1.044,0.224,0.064,1.032,-0.200
0.088,1.028,0.204,0.032,1.036,-0.112
0.116,1.048,0.248,0.052,1.036,-0.140
0.104,1.032,0.204,0.052,1.036,-0.220
0.100,1.036,0.232,0.024,1.044,-0.020
0.120,1.048,0.248,0.068,1.028,-0.216
0.092,1.028,0.200,0.024,1.044,-0.116
0.108,1.044,0.252,0.060,1.040,-0.148
0.116,1.044,0.232,0.044,1.032,-0.168
0.084,1.020,0.192,0.052,1.040,-0.092
0.112,1.056,0.248,0.052,1.032,-0.212
0.116,1.036,0.228,0.032,1.052,-0.028
0.080,1.020,0.196,0.060,1.036,-0.192
0.116,1.052,0.248,0.032,1.048,-0.104
0.108,1.032,0.216,0.060,1.040,-0.168
0.096,1.036,0.224,0.044,1.036,-0.152
0.128,1.044,0.252,0.056,1.040,-0.108
0.100,1.024,0.204,0.056,1.032,-0.204
0.100,1.044,0.228,0.036,1.052,-0.036
0.120,1.052,0.244,0.064,1.032,-0.212
0.092,1.020,0.200,0.032,1.052,-0.084
0.108,1.044,0.244,0.064,1.036,-0.184
0.116,1.044,0.228,0.040,1.040,-0.152
0.084,1.024,0.192,0.048,1.044,-0.080
0.116,1.048,0.252,0.056,1.036,-0.224
0.104,1.032,0.212,0.032,1.048,0.000
0.084,1.024,0.200,0.064,1.032,-0.184
0.120,1.052,0.244,0.016,1.048,-0.020
0.100,1.024,0.204,0.060,1.032,-0.124
0.084,1.028,0.208,0.048,1.036,-0.180
0.124,1.052,0.240,0.044,1.044,-0.056
0.092,1.024,0.196,0.060,1.032,-0.216
0.092,1.032,0.224,0.028,1.048,-0.016
0.120,1.036,0.232,0.064,1.032,-0.180
0.088,1.020,0.192,0.024,1.048,-0.016
0.096,1.040,0.232,0.060,1.040,-0.148
0.108,1.036,0.220,0.024,1.044,-0.048
0.084,1.024,0.192,0.048,1.044,-0.068
0.104,1.044,0.236,0.060,1.032,-0.216
0.108,1.024,0.204,0.028,1.048,-0.016
0.088,1.024,0.200,0.064,1.032,-0.196
0.124,1.052,0.248,0.024,1.048,-0.008
0.100,1.032,0.204,0.060,1.036,-0.140
0.088,1.032,0.216,0.024,1.044,-0.072
0.120,1.040,0.232,0.036,1.044,-0.032
0.088,1.016,0.192,0.040,1.036,-0.176
0.100,1.036,0.228,0.024,1.044,-0.012
0.108,1.036,0.224,0.068,1.032,-0.148
0.084,1.016,0.196,0.024,1.048,-0.032
0.104,1.052,0.244,0.052,1.040,-0.108
0.104,1.028,0.204,0.028,1.044,-0.092
0.084,1.024,0.200,0.032,1.048,-0.028
0.116,1.052,0.252,0.036,1.036,-0.164
0.100,1.020,0.200,0.024,1.048,-0.016
0.088,1.028,0.208,0.052,1.032,-0.196
0.120,1.052,0.252,0.016,1.044,-0.024
0.092,1.016,0.192,0.052,1.040,-0.116
0.092,1.032,0.220,0.020,1.048,-0.084
0.120,1.052,0.248,0.040,1.044,-0.028
0.088,1.020,0.192,0.040,1.036,-0.156
0.100,1.040,0.232,0.024,1.052,-0.012
0.124,1.044,0.248,0.052,1.032,-0.200
0.088,1.016,0.200,0.024,1.052,-0.036
0.100,1.040,0.216,0.048,1.036,-0.160
0.104,1.052,0.232,0.036,1.040,-0.096
0.100,1.024,0.220,0.052,1.036,-0.176
0.092,1.036,0.204,0.032,1.040,-0.036
0.108,1.048,0.252,0.056,1.036,-0.188
0.100,1.024,0.208,0.024,1.040,-0.020
0.092,1.028,0.204,0.052,1.040,-0.116
0.116,1.040,0.244,0.028,1.040,-0.076
0.096,1.020,0.200,0.040,1.044,-0.052
0.092,1.028,0.208,0.060,1.036,-0.200
0.116,1.044,0.244,0.024,1.048,-0.008
0.092,1.020,0.196,0.064,1.036,-0.184
0.100,1.036,0.224,0.020,1.044,-0.020
0.112,1.040,0.228,0.056,1.036,-0.124
0.088,1.020,0.192,0.024,1.044,-0.064
0.096,1.048,0.236,0.044,1.044,-0.080
0.108,1.028,0.220,0.036,1.040,-0.120
0.088,1.020,0.196,0.028,1.044,-0.024
0.104,1.044,0.244,0.072,1.032,-0.204
0.104,1.028,0.208,0.024,1.056,-0.012
0.084,1.024,0.208,0.048,1.044,-0.112
0.120,1.044,0.252,0.028,1.040,-0.096
0.088,1.020,0.192,0.036,1.044,-0.032
0.104,1.032,0.220,0.040,1.040,-0.180
0.120,1.048,0.252,0.024,1.048,0.000
0.088,1.020,0.192,0.056,1.032,-0.220
0.104,1.044,0.236,0.020,1.048,-0.040
0.120,1.048,0.232,0.048,1.048,-0.072
0.084,1.020,0.200,0.028,1.048,-0.108
0.108,1.048,0.240,0.036,1.044,-0.040
0.116,1.040,0.232,0.044,1.036,-0.164
0.084,1.028,0.204,0.020,1.048,-0.008
0.112,1.052,0.244,0.052,1.032,-0.208
0.092,1.020,0.196,0.020,1.048,-0.032
0.088,1.032,0.212,0.064,1.032,-0.204
0.116,1.052,0.252,0.028,1.044,-0.088
0.092,1.020,0.196,0.040,1.048,-0.048
0.092,1.036,0.216,0.036,1.036,-0.152
0.116,1.052,0.244,0.024,1.048,-0.004
0.084,1.020,0.196,0.052,1.032,-0.204
0.108,1.040,0.236,0.020,1.048,-0.044
0.116,1.044,0.240,0.064,1.036,-0.200
0.088,1.020,0.208,0.032,1.036,-0.132
0.116,1.048,0.248,0.060,1.036,-0.140
0.108,1.032,0.216,0.048,1.036,-0.208
0.088,1.028,0.216,0.020,1.056,-0.008
0.120,1.048,0.244,0.064,1.032,-0.212
0.100,1.028,0.212,0.024,1.044,-0.080
0.092,1.040,0.228,0.064,1.032,-0.180
0.124,1.052,0.244,0.036,1.036,-0.124
0.096,1.028,0.200,0.056,1.040,-0.140
0.104,1.040,0.232,0.048,1.036,-0.188
0.120,1.048,0.236,0.044,1.044,-0.060
0.096,1.016,0.196,0.056,1.032,-0.216
0.108,1.048,0.244,0.020,1.044,-0.056
0.112,1.044,0.232,0.064,1.032,-0.200
0.088,1.016,0.192,0.032,1.040,-0.116
0.116,1.052,0.252,0.052,1.036,-0.152
0.112,1.032,0.224,0.048,1.036,-0.188
0.096,1.028,0.212,0.044,1.040,-0.068
0.116,1.052,0.248,0.060,1.032,-0.212
0.096,1.024,0.200,0.028,1.044,-0.096
0.104,1.040,0.236,0.064,1.036,-0.168
0.116,1.044,0.236,0.040,1.040,-0.168
0.088,1.020,0.192,0.048,1.040,-0.096
0.112,1.052,0.244,0.052,1.032,-0.216
0.116,1.032,0.224,0.032,1.048,-0.028
0.088,1.020,0.192,0.060,1.032,-0.200
0.116,1.056,0.252,0.020,1.048,-0.024
0.104,1.032,0.216,0.060,1.036,-0.172
0.084,1.020,0.192,0.040,1.040,-0.148
0.116,1.056,0.248,0.048,1.040,-0.112
0.104,1.024,0.204,0.056,1.032,-0.212
0.088,1.020,0.204,0.036,1.044,-0.032
0.120,1.048,0.244,0.060,1.036,-0.208
0.100,1.020,0.196,0.024,1.048,-0.008
0.088,1.028,0.204,0.060,1.036,-0.180
0.120,1.052,0.236,0.020,1.044,-0.028
0.088,1.016,0.196,0.052,1.044,-0.116
0.096,1.032,0.216,0.044,1.032,-0.196
0.104,1.048,0.228,0.048,1.036,-0.080
0.104,1.024,0.224,0.032,1.044,-0.100
0.092,1.028,0.196,0.044,1.036,-0.156
0.108,1.048,0.240,0.036,1.040,-0.148
0.112,1.024,0.228,0.052,1.036,-0.116
0.092,1.036,0.208,0.048,1.036,-0.196
0.112,1.052,0.248,0.040,1.044,-0.064
0.104,1.032,0.212,0.060,1.032,-0.208
0.096,1.036,0.220,0.028,1.044,-0.064
0.120,1.044,0.248,0.060,1.036,-0.180
0.104,1.028,0.196,0.032,1.044,-0.164
0.104,1.044,0.228,0.052,1.036,-0.116
0.116,1.048,0.244,0.052,1.032,-0.184
0.092,1.024,0.200,0.044,1.044,-0.072
0.104,1.052,0.232,0.060,1.032,-0.212
0.116,1.044,0.236,0.024,1.052,-0.008
0.088,1.020,0.196,0.060,1.036,-0.188
0.112,1.048,0.240,0.036,1.036,-0.132
0.112,1.044,0.224,0.056,1.040,-0.140
0.088,1.020,0.192,0.048,1.036,-0.172
0.116,1.048,0.240,0.032,1.048,-0.044
0.100,1.032,0.204,0.064,1.036,-0.216
0.092,1.024,0.204,0.020,1.052,0.012
0.116,1.048,0.240,0.056,1.036,-0.148
0.096,1.024,0.196,0.044,1.044,-0.188
0.092,1.028,0.216,0.044,1.044,-0.084
0.116,1.048,0.232,0.060,1.028,-0.208
0.088,1.016,0.192,0.036,1.044,-0.020
0.096,1.036,0.224,0.068,1.036,-0.204
0.112,1.036,0.216,0.020,1.048,-0.004
0.084,1.016,0.196,0.060,1.036,-0.156
0.112,1.052,0.248,0.020,1.044,-0.044
0.108,1.032,0.212,0.048,1.040,-0.096
0.084,1.024,0.196,0.064,1.040,-0.196
0.120,1.052,0.248,0.036,1.052,-0.028
0.100,1.024,0.204,0.064,1.036,-0.212
0.088,1.024,0.200,0.024,1.048,-0.012
0.116,1.052,0.244,0.060,1.036,-0.172
0.096,1.020,0.196,0.016,1.048,-0.028
0.088,1.036,0.216,0.060,1.036,-0.100
0.104,1.056,0.232,0.028,1.048,-0.076
0.108,1.028,0.220,0.052,1.032,-0.132
0.096,1.024,0.196,0.040,1.044,-0.096
0.108,1.048,0.236,0.056,1.032,-0.148
0.116,1.032,0.232,0.040,1.040,-0.136
0.092,1.024,0.192,0.048,1.040,-0.116
0.112,1.052,0.248,0.048,1.036,-0.208
0.104,1.032,0.220,0.040,1.044,-0.048
0.084,1.024,0.196,0.060,1.036,-0.208
0.116,1.048,0.248,0.024,1.048,-0.008
0.104,1.028,0.208,0.060,1.036,-0.180
0.084,1.024,0.196,0.040,1.040,-0.136
0.120,1.048,0.244,0.056,1.040,-0.128
0.096,1.024,0.200,0.052,1.036,-0.196
0.092,1.032,0.208,0.036,1.044,-0.044
0.120,1.044,0.240,0.060,1.032,-0.212
0.092,1.024,0.196,0.024,1.052,-0.016
0.108,1.044,0.236,0.064,1.032,-0.180
0.120,1.040,0.224,0.020,1.048,-0.012
0.088,1.016,0.196,0.060,1.036,-0.140
0.116,1.052,0.240,0.052,1.036,-0.204
0.112,1.036,0.216,0.032,1.044,-0.024
0.084,1.024,0.200,0.064,1.028,-0.208
0.120,1.052,0.240,0.020,1.048,-0.012
0.096,1.024,0.196,0.064,1.036,-0.144
0.092,1.024,0.212,0.020,1.052,-0.044
0.120,1.048,0.236,0.048,1.040,-0.088
0.092,1.020,0.188,0.064,1.028,-0.204
0.092,1.032,0.220,0.032,1.044,-0.020
0.116,1.044,0.228,0.068,1.036,-0.200
0.088,1.020,0.188,0.020,1.052,-0.016
0.104,1.044,0.228,0.064,1.036,-0.156
0.112,1.036,0.220,0.020,1.048,-0.032
0.088,1.016,0.196,0.048,1.040,-0.092
0.104,1.040,0.236,0.028,1.044,-0.108
0.104,1.028,0.208,0.036,1.048,-0.024
0.084,1.024,0.196,0.068,1.036,-0.196
0.112,1.052,0.240,0.024,1.048,-0.008
0.096,1.024,0.196,0.064,1.036,-0.164
0.088,1.028,0.208,0.020,1.044,-0.032
0.116,1.052,0.244,0.040,1.040,-0.076
0.088,1.024,0.192,0.036,1.044,-0.132
0.096,1.040,0.228,0.024,1.052,-0.004
0.108,1.032,0.208,0.056,1.032,-0.196
0.088,1.020,0.196,0.016,1.048,-0.024
0.104,1.044,0.240,0.064,1.040,-0.112
0.104,1.024,0.200,0.024,1.044,-0.076
0.080,1.028,0.200,0.040,1.048,-0.048
0.112,1.048,0.244,0.040,1.036,-0.144
0.092,1.020,0.196,0.028,1.048,-0.012
0.092,1.032,0.212,0.048,1.032,-0.192
0.116,1.052,0.248,0.020,1.048,-0.020
0.092,1.020,0.192,0.060,1.032,-0.224
0.096,1.032,0.216,0.024,1.044,-0.068
0.120,1.052,0.244,0.040,1.044,-0.056
0.088,1.020,0.192,0.036,1.040,-0.136
0.100,1.040,0.228,0.024,1.052,-0.008
0.120,1.052,0.240,0.048,1.036,-0.192
0.088,1.020,0.196,0.016,1.048,-0.020
0.108,1.044,0.232,0.060,1.032,-0.216
0.116,1.044,0.232,0.028,1.048,-0.076
0.084,1.028,0.208,0.064,1.036,-0.172
0.120,1.048,0.248,0.044,1.032,-0.180
0.108,1.032,0.212,0.024,1.052,0.008
0.092,1.040,0.220,0.056,1.032,-0.204
0.124,1.052,0.244,0.024,1.048,-0.044
0.096,1.024,0.196,0.064,1.032,-0.204
0.104,1.044,0.236,0.032,1.044,-0.104
0.116,1.044,0.236,0.056,1.036,-0.152
0.084,1.024,0.200,0.040,1.032,-0.172
0.112,1.044,0.232,0.048,1.036,-0.092
0.116,1.044,0.228,0.060,1.036,-0.204
0.084,1.024,0.200,0.020,1.048,-0.032
0.112,1.052,0.244,0.060,1.032,-0.216
0.112,1.036,0.224,0.028,1.040,-0.096
0.088,1.028,0.212,0.068,1.036,-0.164
0.120,1.048,0.252,0.040,1.040,-0.164
0.104,1.032,0.208,0.052,1.040,-0.100
0.088,1.032,0.220,0.056,1.032,-0.196
0.116,1.052,0.248,0.020,1.048,-0.032
0.096,1.024,0.200,0.060,1.032,-0.208
0.108,1.040,0.240,0.032,1.036,-0.124
0.116,1.048,0.232,0.056,1.040,-0.132
0.092,1.016,0.192,0.052,1.028,-0.192
0.116,1.052,0.248,0.044,1.044,-0.056
0.108,1.036,0.220,0.060,1.032,-0.208
0.084,1.020,0.196,0.024,1.048,-0.012
0.120,1.052,0.252,0.064,1.032,-0.188
0.100,1.032,0.204,0.036,1.040,-0.136
0.080,1.024,0.200,0.052,1.040,-0.128
0.120,1.052,0.244,0.052,1.032,-0.192
0.096,1.024,0.196,0.036,1.048,-0.068
0.088,1.028,0.208,0.064,1.032,-0.208
0.124,1.048,0.240,0.028,1.044,-0.008
0.092,1.020,0.192,0.064,1.032,-0.192
0.112,1.048,0.240,0.020,1.048,-0.016
0.116,1.040,0.232,0.056,1.036,-0.136
0.092,1.024,0.192,0.052,1.040,-0.184
0.112,1.048,0.244,0.048,1.040,-0.080
0.112,1.040,0.220,0.056,1.036,-0.208
0.088,1.024,0.196,0.028,1.044,-0.024
0.124,1.048,0.244,0.060,1.036,-0.180
0.096,1.024,0.200,0.020,1.048,-0.028
0.088,1.028,0.212,0.048,1.040,-0.096
0.120,1.044,0.232,0.028,1.040,-0.100
0.088,1.024,0.196,0.036,1.048,-0.040
0.096,1.036,0.220,0.068,1.036,-0.212
0.116,1.044,0.228,0.020,1.048,-0.008
0.084,1.020,0.192,0.060,1.032,-0.168
0.104,1.040,0.236,0.020,1.044,-0.040
0.108,1.032,0.212,0.052,1.040,-0.096
0.084,1.020,0.200,0.024,1.040,-0.088
0.108,1.048,0.240,0.036,1.048,-0.036
0.104,1.024,0.208,0.044,1.032,-0.160
0.088,1.020,0.204,0.024,1.048,0.004
0.116,1.048,0.244,0.064,1.040,-0.172
0.096,1.020,0.200,0.016,1.044,-0.032
0.088,1.028,0.212,0.052,1.040,-0.108
0.120,1.052,0.248,0.024,1.044,-0.080
0.088,1.020,0.192,0.040,1.044,-0.040
0.092,1.036,0.216,0.044,1.036,-0.148
0.108,1.052,0.232,0.032,1.036,-0.060
0.096,1.028,0.216,0.052,1.044,-0.140
0.116,1.032,0.236,0.044,1.032,-0.172
0.084,1.028,0.196,0.024,1.048,-0.036
0.104,1.040,0.240,0.060,1.032,-0.200
0.112,1.032,0.224,0.024,1.044,-0.088
0.088,1.032,0.212,0.068,1.036,-0.172
0.120,1.048,0.252,0.040,1.040,-0.152
0.100,1.032,0.212,0.052,1.036,-0.092
0.092,1.036,0.220,0.056,1.032,-0.208
0.120,1.048,0.244,0.032,1.048,-0.040
0.104,1.024,0.200,0.060,1.032,-0.204
0.100,1.044,0.228,0.028,1.040,-0.072
0.120,1.048,0.236,0.064,1.032,-0.180
0.096,1.020,0.196,0.036,1.036,-0.144
0.100,1.044,0.236,0.052,1.040,-0.108
0.116,1.048,0.228,0.052,1.032,-0.212
0.096,1.020,0.192,0.040,1.044,-0.048
0.112,1.052,0.240,0.064,1.032,-0.216
0.116,1.040,0.224,0.024,1.044,-0.064
0.088,1.020,0.192,0.056,1.036,-0.180
0.120,1.048,0.244,0.048,1.032,-0.180
0.096,1.028,0.200,0.048,1.040,-0.064
0.088,1.024,0.208,0.064,1.028,-0.212
0.124,1.048,0.244,0.032,1.048,-0.020
0.092,1.020,0.196,0.068,1.032,-0.188
0.092,1.032,0.216,0.020,1.048,-0.012
0.116,1.048,0.232,0.056,1.036,-0.148
0.092,1.020,0.192,0.052,1.040,-0.184
0.116,1.048,0.244,0.044,1.040,-0.072
0.112,1.032,0.216,0.060,1.032,-0.208
0.088,1.020,0.192,0.032,1.044,-0.028
0.116,1.052,0.252,0.064,1.036,-0.212
0.104,1.032,0.212,0.020,1.048,0.004
0.092,1.024,0.200,0.060,1.036,-0.152
0.120,1.056,0.244,0.024,1.044,-0.060
0.100,1.024,0.204,0.044,1.040,-0.072
0.088,1.028,0.204,0.064,1.032,-0.212
0.116,1.052,0.236,0.032,1.048,-0.028
0.096,1.020,0.196,0.064,1.032,-0.204
0.092,1.032,0.212,0.028,1.052,-0.012
0.112,1.044,0.228,0.056,1.040,-0.128
0.084,1.024,0.188,0.024,1.044,-0.092
0.100,1.040,0.236,0.040,1.044,-0.032
0.096,1.036,0.200,0.044,1.036,-0.152
0.084,1.024,0.192,0.024,1.048,-0.016
0.112,1.048,0.244,0.068,1.040,-0.176
0.092,1.020,0.196,0.016,1.052,-0.024
0.088,1.028,0.212,0.052,1.040,-0.120
0.116,1.048,0.244,0.024,1.044,-0.088
0.096,1.020,0.192,0.036,1.044,-0.036
0.092,1.036,0.220,0.036,1.040,-0.140
0.120,1.056,0.252,0.024,1.048,-0.008
0.092,1.012,0.192,0.056,1.032,-0.212
0.100,1.036,0.228,0.016,1.044,-0.012
0.112,1.036,0.216,0.056,1.040,-0.116
0.088,1.024,0.192,0.024,1.048,-0.084
0.108,1.048,0.236,0.040,1.044,-0.048
0.104,1.028,0.212,0.036,1.036,-0.140
0.084,1.024,0.204,0.024,1.052,-0.008
0.108,1.056,0.240,0.044,1.032,-0.188
0.112,1.028,0.224,0.044,1.040,-0.076
0.092,1.020,0.212,0.056,1.040,-0.156
0.100,1.040,0.200,0.036,1.044,-0.084
0.116,1.040,0.236,0.056,1.032,-0.204
0.100,1.020,0.196,0.032,1.044,-0.012
0.092,1.032,0.208,0.056,1.036,-0.184
0.116,1.044,0.236,0.024,1.048,-0.028
0.092,1.020,0.192,0.052,1.040,-0.124
0.096,1.036,0.216,0.024,1.044,-0.052
0.116,1.036,0.224,0.044,1.044,-0.060
0.084,1.020,0.192,0.064,1.036,-0.208
0.108,1.036,0.224,0.028,1.044,-0.024
0.108,1.032,0.212,0.068,1.032,-0.184
0.084,1.020,0.196,0.020,1.052,-0.024
0.104,1.048,0.236,0.056,1.036,-0.148
0.104,1.028,0.204,0.024,1.044,-0.036
0.084,1.024,0.200,0.040,1.044,-0.088
0.116,1.048,0.240,0.032,1.044,-0.116
0.096,1.028,0.196,0.032,1.048,-0.016
0.096,1.024,0.208,0.060,1.036,-0.192
0.116,1.048,0.224,0.024,1.044,-0.024
0.092,1.024,0.192,0.052,1.044,-0.108
0.100,1.036,0.228,0.028,1.044,-0.084
0.108,1.036,0.208,0.036,1.044,-0.024
0.088,1.024,0.192,0.040,1.036,-0.180
0.112,1.040,0.236,0.020,1.048,-0.008
0.104,1.028,0.196,0.056,1.032,-0.208
0.080,1.028,0.204,0.016,1.052,-0.040
0.112,1.052,0.248,0.052,1.040,-0.100
0.096,1.020,0.196,0.028,1.040,-0.084
0.092,1.032,0.212,0.036,1.048,-0.040
0.116,1.060,0.244,0.044,1.040,-0.148
0.088,1.020,0.196,0.024,1.048,-0.008
0.092,1.040,0.220,0.056,1.032,-0.192
0.120,1.052,0.244,0.020,1.044,-0.028
0.084,1.016,0.192,0.064,1.032,-0.216
0.104,1.044,0.232,0.028,1.044,-0.064
0.120,1.052,0.236,0.044,1.048,-0.044
0.084,1.020,0.196,0.036,1.040,-0.152
0.104,1.048,0.232,0.024,1.052,-0.012
0.112,1.040,0.216,0.056,1.032,-0.204
0.088,1.032,0.208,0.020,1.044,-0.048
0.120,1.048,0.240,0.064,1.032,-0.208
0.108,1.032,0.200,0.032,1.040,-0.124
0.088,1.036,0.224,0.056,1.040,-0.124
0.120,1.048,0.236,0.052,1.032,-0.196
0.088,1.020,0.192,0.020,1.048,-0.028
0.104,1.044,0.232,0.060,1.032,-0.204
0.120,1.048,0.232,0.024,1.044,-0.056
0.084,1.020,0.192,0.068,1.036,-0.200
0.108,1.048,0.244,0.032,1.040,-0.116
0.116,1.040,0.228,0.060,1.036,-0.144
0.092,1.020,0.204,0.048,1.036,-0.180
0.120,1.052,0.244,0.024,1.048,0.004
0.104,1.032,0.216,0.060,1.036,-0.204
0.096,1.028,0.216,0.024,1.044,-0.040
0.116,1.056,0.252,0.060,1.032,-0.212
0.108,1.028,0.204,0.028,1.040,-0.112
0.096,1.036,0.216,0.060,1.036,-0.152
0.120,1.056,0.236,0.044,1.036,-0.176
0.092,1.024,0.196,0.048,1.040,-0.060
0.108,1.044,0.236,0.064,1.032,-0.204
0.120,1.040,0.228,0.032,1.048,-0.084
0.088,1.020,0.188,0.064,1.032,-0.172
0.116,1.048,0.248,0.036,1.036,-0.168
0.108,1.036,0.216,0.052,1.036,-0.100
0.080,1.024,0.196,0.052,1.036,-0.200
0.120,1.052,0.248,0.036,1.044,-0.048
0.100,1.024,0.200,0.064,1.028,-0.200
0.088,1.024,0.204,0.020,1.052,-0.004
0.116,1.052,0.240,0.064,1.032,-0.180
0.096,1.024,0.196,0.044,1.036,-0.136
0.104,1.048,0.232,0.056,1.036,-0.112
0.116,1.044,0.228,0.048,1.032,-0.204
0.092,1.016,0.192,0.040,1.044,-0.048
0.108,1.048,0.240,0.064,1.032,-0.216
0.116,1.044,0.228,0.028,1.044,-0.004
0.088,1.016,0.192,0.068,1.036,-0.184
0.116,1.052,0.244,0.020,1.044,-0.020
0.108,1.036,0.216,0.056,1.036,-0.112
0.088,1.024,0.192,0.060,1.036,-0.196
0.124,1.048,0.240,0.032,1.048,-0.028
0.096,1.024,0.192,0.064,1.032,-0.196
0.088,1.028,0.212,0.020,1.048,0.000
0.124,1.044,0.232,0.060,1.036,-0.140
0.084,1.024,0.188,0.024,1.048,-0.064
0.096,1.036,0.224,0.044,1.044,-0.076
0.112,1.040,0.216,0.028,1.040,-0.112
0.092,1.020,0.192,0.036,1.048,-0.024
0.104,1.040,0.228,0.064,1.032,-0.196
0.104,1.028,0.204,0.020,1.048,-0.004
0.084,1.020,0.188,0.060,1.036,-0.152
0.108,1.052,0.240,0.024,1.044,-0.048
0.100,1.028,0.200,0.048,1.044,-0.080
0.088,1.024,0.204,0.028,1.044,-0.104
0.112,1.052,0.244,0.036,1.044,-0.020
0.096,1.020,0.196,0.064,1.032,-0.192
0.088,1.028,0.208,0.024,1.048,-0.008
0.116,1.056,0.248,0.060,1.036,-0.148
0.088,1.016,0.196,0.020,1.048,-0.044
0.096,1.032,0.208,0.052,1.036,-0.104
0.108,1.052,0.228,0.036,1.048,-0.080
0.104,1.028,0.220,0.052,1.036,-0.172
0.096,1.028,0.196,0.028,1.044,-0.044
0.108,1.052,0.236,0.056,1.040,-0.160
0.108,1.032,0.224,0.044,1.044,-0.156
0.088,1.024,0.188,0.048,1.044,-0.108
0.116,1.052,0.248,0.052,1.036,-0.208
0.104,1.032,0.204,0.032,1.044,-0.028
0.084,1.024,0.192,0.060,1.032,-0.208
0.124,1.044,0.248,0.024,1.044,-0.020
0.100,1.028,0.200,0.060,1.036,-0.152
0.088,1.024,0.204,0.016,1.048,-0.024
0.120,1.048,0.240,0.056,1.040,-0.116
0.092,1.024,0.196,0.060,1.036,-0.184
0.096,1.032,0.208,0.036,1.044,-0.048
0.120,1.044,0.232,0.060,1.032,-0.212
0.096,1.020,0.192,0.028,1.048,-0.020
0.096,1.032,0.220,0.060,1.032,-0.184
0.112,1.036,0.224,0.016,1.048,-0.004
0.084,1.020,0.188,0.044,1.044,-0.104
0.112,1.044,0.240,0.028,1.040,-0.112
0.104,1.028,0.204,0.028,1.052,-0.004
0.084,1.028,0.204,0.068,1.032,-0.192
0.120,1.044,0.248,0.020,1.048,-0.016
0.092,1.024,0.192,0.056,1.040,-0.136
0.092,1.032,0.216,0.020,1.040,-0.048
0.120,1.044,0.228,0.052,1.040,-0.060
0.088,1.020,0.192,0.032,1.044,-0.140
0.092,1.040,0.228,0.032,1.048,-0.020
0.112,1.036,0.216,0.048,1.032,-0.176
0.088,1.020,0.192,0.024,1.048,-0.020
0.104,1.044,0.236,0.064,1.036,-0.148
0.104,1.032,0.208,0.020,1.044,-0.040
0.084,1.020,0.192,0.048,1.040,-0.084
0.108,1.048,0.240,0.028,1.044,-0.120
0.096,1.028,0.204,0.028,1.048,-0.024
0.088,1.024,0.200,0.048,1.032,-0.168
0.112,1.056,0.248,0.020,1.048,-0.004
0.092,1.024,0.192,0.056,1.036,-0.224
0.100,1.032,0.216,0.024,1.048,-0.056
0.124,1.048,0.244,0.036,1.052,-0.040
0.088,1.020,0.192,0.040,1.032,-0.164
0.104,1.040,0.236,0.024,1.048,0.000
0.120,1.044,0.232,0.052,1.032,-0.208
0.088,1.020,0.200,0.016,1.052,-0.040
0.112,1.052,0.248,0.060,1.036,-0.216
0.112,1.036,0.224,0.024,1.044,-0.092
0.088,1.028,0.208,0.044,1.040,-0.032
0.120,1.052,0.244,0.036,1.040,-0.164
0.108,1.032,0.208,0.024,1.056,-0.020
0.096,1.032,0.216,0.052,1.036,-0.188
0.120,1.052,0.248,0.020,1.044,-0.024
0.088,1.020,0.192,0.064,1.032,-0.224
0.100,1.040,0.228,0.024,1.044,-0.064
0.116,1.052,0.236,0.064,1.036,-0.184
0.088,1.020,0.192,0.036,1.040,-0.144
0.108,1.044,0.236,0.028,1.056,-0.008
0.124,1.044,0.232,0.052,1.032,-0.196
0.088,1.024,0.204,0.020,1.044,-0.016
0.100,1.048,0.224,0.048,1.032,-0.196
0.108,1.048,0.228,0.036,1.048,-0.092
0.096,1.024,0.208,0.044,1.036,-0.124
0.092,1.040,0.200,0.032,1.040,-0.056
0.112,1.044,0.240,0.044,1.036,-0.188
0.100,1.024,0.200,0.020,1.048,-0.012
0.092,1.040,0.208,0.056,1.040,-0.128
0.116,1.048,0.248,0.028,1.044,-0.068
0.088,1.024,0.188,0.040,1.040,-0.064
0.096,1.040,0.220,0.036,1.036,-0.120
0.116,1.048,0.244,0.028,1.048,-0.012
0.084,1.020,0.192,0.048,1.036,-0.204
0.096,1.044,0.236,0.020,1.052,-0.016
0.116,1.048,0.244,0.060,1.032,-0.204
0.084,1.024,0.192,0.024,1.048,-0.072
0.108,1.048,0.240,0.048,1.044,-0.084
0.120,1.044,0.232,0.032,1.040,-0.108
0.088,1.028,0.204,0.028,1.048,-0.024
0.112,1.052,0.248,0.044,1.032,-0.184
0.096,1.020,0.196,0.020,1.052,-0.016
0.096,1.032,0.212,0.064,1.032,-0.204
0.120,1.052,0.244,0.020,1.044,-0.080
0.088,1.020,0.188,0.060,1.036,-0.184
0.100,1.040,0.236,0.044,1.040,-0.160
0.120,1.048,0.240,0.024,1.048,-0.008
0.088,1.016,0.200,0.056,1.032,-0.216
0.108,1.044,0.240,0.016,1.048,-0.028
0.112,1.044,0.224,0.068,1.032,-0.204
0.088,1.024,0.204,0.032,1.040,-0.100
0.112,1.056,0.248,0.068,1.032,-0.172
0.116,1.032,0.220,0.040,1.036,-0.156
0.092,1.032,0.216,0.048,1.040,-0.104
0.108,1.056,0.244,0.056,1.036,-0.212
0.100,1.028,0.208,0.020,1.044,-0.024
0.096,1.040,0.224,0.064,1.032,-0.200
0.120,1.052,0.244,0.024,1.040,-0.084
0.096,1.020,0.196,0.064,1.032,-0.184
0.104,1.044,0.232,0.036,1.036,-0.140
0.120,1.048,0.236,0.052,1.040,-0.116
0.092,1.020,0.192,0.056,1.032,-0.208
0.112,1.048,0.244,0.028,1.056,-0.040
0.112,1.032,0.224,0.068,1.036,-0.200
0.084,1.024,0.192,0.032,1.040,-0.120
0.120,1.052,0.256,0.056,1.040,-0.152
0.100,1.028,0.204,0.048,1.028,-0.196
0.096,1.032,0.224,0.044,1.040,-0.060
0.120,1.048,0.244,0.060,1.032,-0.220
0.096,1.024,0.196,0.028,1.048,-0.020
0.108,1.040,0.240,0.064,1.036,-0.184
0.116,1.044,0.232,0.036,1.036,-0.124
0.092,1.020,0.196,0.056,1.040,-0.148
0.112,1.044,0.244,0.044,1.036,-0.184
0.116,1.040,0.228,0.048,1.044,-0.068
0.084,1.020,0.192,0.060,1.032,-0.216
0.112,1.052,0.248,0.032,1.044,-0.024
0.108,1.036,0.212,0.064,1.032,-0.192
0.088,1.020,0.192,0.020,1.044,0.000
0.116,1.052,0.252,0.056,1.036,-0.164
0.104,1.028,0.204,0.044,1.040,-0.164
0.088,1.024,0.196,0.052,1.040,-0.072
0.116,1.056,0.244,0.064,1.032,-0.212
0.088,1.024,0.196,0.028,1.048,-0.020
0.092,1.036,0.216,0.060,1.036,-0.172
0.108,1.040,0.220,0.024,1.044,-0.012
0.084,1.024,0.188,0.056,1.040,-0.112
0.104,1.040,0.232,0.028,1.044,-0.100
0.104,1.032,0.204,0.036,1.048,-0.036
0.080,1.024,0.200,0.068,1.032,-0.200
0.108,1.048,0.240,0.024,1.052,-0.008
0.104,1.024,0.204,0.060,1.036,-0.172
0.088,1.024,0.200,0.020,1.044,-0.024
0.120,1.048,0.240,0.052,1.040,-0.124
0.092,1.020,0.196,0.024,1.044,-0.080
0.092,1.032,0.204,0.040,1.044,-0.040
0.120,1.044,0.236,0.036,1.036,-0.144
0.092,1.020,0.188,0.024,1.048,-0.016
0.096,1.040,0.216,0.064,1.036,-0.180
0.112,1.040,0.220,0.024,1.048,-0.016
0.084,1.016,0.188,0.056,1.036,-0.124
0.100,1.044,0.224,0.028,1.040,-0.080
0.112,1.040,0.220,0.048,1.044,-0.072
0.104,1.012,0.204,0.028,1.048,-0.092
0.096,1.036,0.200,0.052,1.036,-0.148
0.108,1.040,0.232,0.052,1.048,-0.132
0.108,1.020,0.216,0.056,1.040,-0.124
0.088,1.032,0.196,0.052,1.036,-0.196
0.116,1.044,0.240,0.044,1.040,-0.076
0.100,1.024,0.196,0.056,1.032,-0.204
0.088,1.032,0.196,0.028,1.048,-0.004
0.116,1.044,0.232,0.060,1.036,-0.200
0.092,1.020,0.192,0.020,1.044,-0.020
0.092,1.036,0.212,0.056,1.040,-0.120
0.116,1.044,0.232,0.048,1.036,-0.180
0.088,1.020,0.180,0.044,1.044,-0.084
0.096,1.036,0.216,0.060,1.032,-0.204
0.108,1.040,0.216,0.028,1.048,-0.016
0.084,1.024,0.192,0.060,1.036,-0.200
0.104,1.044,0.228,0.020,1.048,-0.016
0.108,1.028,0.212,0.060,1.036,-0.144
0.088,1.016,0.192,0.024,1.044,-0.044
0.116,1.056,0.240,0.044,1.044,-0.080
0.100,1.028,0.200,0.064,1.040,-0.216
0.088,1.028,0.212,0.020,1.048,0.012
0.112,1.044,0.236,0.064,1.036,-0.168
0.092,1.020,0.192,0.020,1.048,-0.044
0.100,1.036,0.228,0.052,1.040,-0.092
0.108,1.040,0.224,0.028,1.044,-0.096
0.080,1.016,0.196,0.036,1.048,-0.040
0.104,1.044,0.244,0.040,1.036,-0.168
0.104,1.028,0.216,0.020,1.052,-0.004
0.084,1.024,0.200,0.064,1.040,-0.172
0.112,1.048,0.248,0.024,1.044,-0.040
0.100,1.020,0.204,0.052,1.040,-0.108
0.088,1.028,0.212,0.028,1.044,-0.084
0.120,1.052,0.252,0.032,1.044,-0.044
0.096,1.020,0.200,0.040,1.032,-0.160
0.092,1.032,0.220,0.024,1.048,0.000
0.120,1.052,0.252,0.052,1.036,-0.204
0.088,1.016,0.196,0.020,1.048,-0.032
0.096,1.036,0.220,0.052,1.044,-0.104
0.116,1.056,0.248,0.028,1.044,-0.084
0.088,1.020,0.204,0.028,1.052,-0.024
0.112,1.044,0.248,0.052,1.032,-0.200
0.112,1.040,0.228,0.024,1.044,-0.004
0.088,1.028,0.212,0.060,1.032,-0.208
0.116,1.052,0.248,0.020,1.048,-0.080
0.092,1.020,0.196,0.068,1.032,-0.188
0.092,1.036,0.224,0.036,1.040,-0.132
0.120,1.052,0.244,0.024,1.052,-0.020
0.088,1.020,0.188,0.048,1.032,-0.200
0.096,1.036,0.232,0.016,1.044,-0.016
0.124,1.048,0.240,0.064,1.032,-0.204
0.084,1.020,0.192,0.024,1.044,-0.064
0.108,1.044,0.236,0.064,1.036,-0.200
0.116,1.048,0.232,0.032,1.040,-0.116
0.084,1.024,0.196,0.032,1.056,-0.012
0.108,1.052,0.240,0.052,1.032,-0.196
0.116,1.040,0.216,0.016,1.052,-0.004
0.088,1.024,0.204,0.060,1.032,-0.212
0.120,1.052,0.244,0.020,1.048,-0.056
0.108,1.032,0.212,0.060,1.036,-0.204
0.096,1.032,0.224,0.036,1.036,-0.136
0.120,1.048,0.240,0.052,1.044,-0.112
0.092,1.028,0.188,0.056,1.032,-0.212
0.108,1.036,0.236,0.020,1.052,-0.024
0.120,1.048,0.232,0.064,1.032,-0.200
0.084,1.024,0.192,0.028,1.040,-0.104
0.116,1.048,0.244,0.064,1.040,-0.168
0.112,1.036,0.220,0.036,1.036,-0.164
0.088,1.020,0.188,0.048,1.040,-0.096
0.116,1.056,0.252,0.056,1.036,-0.216
0.108,1.032,0.208,0.036,1.048,-0.044
0.092,1.036,0.224,0.064,1.036,-0.204
0.120,1.056,0.244,0.028,1.044,-0.092
0.100,1.024,0.200,0.064,1.032,-0.180
0.100,1.044,0.224,0.044,1.036,-0.160
0.120,1.044,0.244,0.048,1.040,-0.104
0.092,1.020,0.196,0.056,1.032,-0.212
0.108,1.044,0.240,0.036,1.044,-0.040
0.116,1.052,0.228,0.068,1.028,-0.204
0.092,1.020,0.192,0.024,1.052,-0.012
0.120,1.052,0.248,0.056,1.040,-0.176
0.108,1.036,0.216,0.052,1.036,-0.180
0.084,1.024,0.196,0.040,1.044,-0.052
0.120,1.052,0.248,0.060,1.036,-0.208
0.096,1.024,0.196,0.028,1.048,-0.024
0.088,1.024,0.208,0.068,1.032,-0.176
0.124,1.048,0.236,0.016,1.052,-0.012
0.092,1.020,0.188,0.056,1.040,-0.148
0.092,1.032,0.216,0.024,1.044,-0.072
0.116,1.044,0.236,0.040,1.048,-0.064
0.088,1.020,0.188,0.064,1.032,-0.216
0.100,1.040,0.224,0.032,1.044,-0.024
0.112,1.032,0.224,0.064,1.032,-0.192
0.084,1.024,0.196,0.020,1.048,-0.004
0.104,1.044,0.236,0.056,1.036,-0.152
0.104,1.032,0.208,0.024,1.044,-0.068
0.080,1.024,0.196,0.044,1.040,-0.060
0.120,1.052,0.244,0.056,1.036,-0.212
0.100,1.024,0.208,0.032,1.048,-0.020
0.088,1.028,0.204,0.060,1.036,-0.200
0.108,1.052,0.228,0.036,1.048,-0.044
0.096,1.032,0.204,0.032,1.044,-0.080
0.116,1.028,0.232,0.052,1.032,-0.180
0.092,1.032,0.196,0.024,1.048,-0.052
0.096,1.032,0.228,0.060,1.032,-0.184
0.116,1.040,0.244,0.032,1.040,-0.140
0.088,1.028,0.196,0.036,1.052,-0.028
0.104,1.044,0.244,0.044,1.036,-0.172
0.112,1.048,0.228,0.024,1.048,-0.024
0.088,1.028,0.204,0.060,1.032,-0.224
0.116,1.048,0.244,0.024,1.044,-0.064
0.108,1.036,0.212,0.060,1.032,-0.180
0.092,1.032,0.212,0.040,1.040,-0.124
0.120,1.052,0.248,0.056,1.040,-0.144
0.104,1.032,0.208,0.048,1.032,-0.180
0.096,1.036,0.220,0.024,1.056,-0.020
0.120,1.048,0.240,0.060,1.032,-0.240
0.100,1.024,0.200,0.024,1.048,-0.056
0.104,1.044,0.232,0.064,1.036,-0.188
0.120,1.048,0.232,0.036,1.040,-0.120
0.092,1.020,0.188,0.060,1.036,-0.156
0.112,1.044,0.240,0.052,1.036,-0.180
0.112,1.040,0.224,0.036,1.044,-0.032
0.096,1.032,0.212,0.060,1.036,-0.216
0.120,1.052,0.252,0.024,1.044,-0.104
0.104,1.028,0.204,0.064,1.040,-0.144
0.100,1.036,0.228,0.040,1.036,-0.172
0.120,1.052,0.240,0.048,1.044,-0.096
0.096,1.020,0.192,0.056,1.028,-0.200
0.104,1.040,0.232,0.032,1.048,-0.032
0.120,1.044,0.232,0.064,1.032,-0.220
0.088,1.016,0.192,0.028,1.048,-0.080
0.112,1.048,0.244,0.056,1.036,-0.164
0.108,1.036,0.220,0.044,1.032,-0.156
0.084,1.016,0.192,0.048,1.040,-0.108
0.116,1.048,0.248,0.052,1.036,-0.208
0.116,1.036,0.212,0.032,1.052,-0.020
0.080,1.024,0.192,0.060,1.036,-0.232
0.116,1.056,0.244,0.020,1.048,-0.012
0.104,1.028,0.204,0.064,1.032,-0.164
0.088,1.024,0.192,0.048,1.044,-0.152
0.120,1.048,0.240,0.048,1.040,-0.084
0.096,1.024,0.192,0.060,1.032,-0.208
0.088,1.032,0.220,0.028,1.048,0.000
0.116,1.036,0.220,0.064,1.032,-0.188
0.084,1.020,0.192,0.012,1.052,-0.028
0.100,1.040,0.228,0.060,1.040,-0.116
0.108,1.032,0.208,0.024,1.048,-0.068
0.080,1.020,0.196,0.040,1.044,-0.064
0.104,1.044,0.244,0.064,1.032,-0.200
0.096,1.024,0.200,0.028,1.052,0.000
0.088,1.020,0.204,0.064,1.036,-0.208
0.116,1.048,0.240,0.020,1.048,-0.024
0.096,1.024,0.192,0.056,1.036,-0.140
0.092,1.028,0.208,0.024,1.044,-0.048
0.120,1.044,0.232,0.040,1.044,-0.068
0.088,1.016,0.184,0.032,1.040,-0.132
0.092,1.032,0.216,0.028,1.048,-0.004
0.108,1.040,0.220,0.064,1.040,-0.196
0.084,1.016,0.192,0.020,1.048,-0.020
0.096,1.048,0.220,0.064,1.036,-0.140
0.112,1.036,0.220,0.032,1.048,-0.076
0.108,1.016,0.212,0.044,1.032,-0.148
0.092,1.036,0.192,0.028,1.048,-0.064
0.108,1.044,0.240,0.056,1.036,-0.168
0.108,1.020,0.212,0.024,1.048,-0.016
0.092,1.028,0.188,0.048,1.044,-0.160
0.116,1.044,0.244,0.040,1.040,-0.184
0.100,1.024,0.196,0.044,1.040,-0.072
0.088,1.032,0.200,0.056,1.032,-0.216
0.120,1.048,0.248,0.036,1.040,-0.024
0.096,1.020,0.196,0.064,1.032,-0.188
0.088,1.036,0.212,0.020,1.048,-0.016
0.120,1.040,0.232,0.060,1.036,-0.160
0.096,1.020,0.196,0.020,1.044,-0.048
0.100,1.040,0.224,0.044,1.048,-0.084
0.116,1.036,0.228,0.060,1.036,-0.212
0.088,1.020,0.200,0.028,1.048,-0.040
0.120,1.052,0.248,0.064,1.036,-0.200
0.108,1.028,0.216,0.024,1.048,0.000
0.088,1.024,0.200,0.064,1.036,-0.184
0.120,1.052,0.256,0.028,1.044,-0.048
0.096,1.028,0.200,0.040,1.044,-0.052
0.096,1.024,0.216,0.064,1.040,-0.224
0.120,1.044,0.236,0.024,1.052,-0.012
0.084,1.024,0.196,0.060,1.036,-0.164
0.100,1.036,0.232,0.020,1.048,-0.020
0.112,1.036,0.224,0.056,1.040,-0.116
0.080,1.020,0.196,0.024,1.048,-0.092
0.104,1.044,0.240,0.040,1.040,-0.036
0.100,1.028,0.216,0.040,1.036,-0.148
0.080,1.024,0.200,0.024,1.044,-0.028
0.104,1.048,0.244,0.060,1.036,-0.164
0.096,1.028,0.208,0.020,1.048,-0.012
0.084,1.028,0.208,0.056,1.036,-0.132
0.116,1.052,0.248,0.028,1.044,-0.076
0.092,1.020,0.200,0.040,1.044,-0.056
0.092,1.032,0.216,0.036,1.036,-0.132
0.116,1.048,0.252,0.024,1.044,-0.016
0.088,1.020,0.192,0.048,1.036,-0.192
0.092,1.040,0.224,0.016,1.048,-0.004
0.112,1.056,0.240,0.048,1.040,-0.112
0.080,1.024,0.196,0.028,1.036,-0.108
0.108,1.044,0.244,0.032,1.044,-0.008
0.116,1.044,0.232,0.044,1.036,-0.180
0.084,1.028,0.212,0.020,1.052,-0.008
0.120,1.048,0.252,0.060,1.032,-0.224
0.092,1.020,0.196,0.020,1.048,-0.048
0.096,1.036,0.220,0.068,1.032,-0.192
0.120,1.056,0.248,0.028,1.040,-0.120
0.088,1.020,0.196,0.032,1.052,-0.012
0.100,1.036,0.228,0.044,1.036,-0.172
0.120,1.048,0.244,0.028,1.048,-0.020
0.080,1.016,0.200,0.060,1.032,-0.216
0.108,1.044,0.240,0.020,1.044,-0.036
0.120,1.048,0.240,0.064,1.032,-0.200
0.084,1.024,0.204,0.032,1.044,-0.108
0.108,1.052,0.244,0.060,1.036,-0.168
0.112,1.044,0.232,0.044,1.032,-0.168
0.088,1.024,0.212,0.028,1.048,-0.012
0.112,1.052,0.248,0.060,1.032,-0.220
0.100,1.040,0.216,0.024,1.044,-0.052
0.096,1.032,0.224,0.064,1.032,-0.192
0.120,1.048,0.252,0.036,1.032,-0.160
0.100,1.024,0.196,0.056,1.036,-0.108
0.104,1.044,0.244,0.052,1.036,-0.196
0.116,1.048,0.232,0.024,1.052,-0.024
0.088,1.020,0.192,0.064,1.032,-0.212
0.112,1.052,0.248,0.024,1.044,-0.076
0.112,1.036,0.228,0.064,1.032,-0.168
0.084,1.016,0.196,0.036,1.036,-0.152
0.116,1.048,0.252,0.056,1.040,-0.124
0.108,1.032,0.220,0.056,1.032,-0.180
0.096,1.028,0.216,0.036,1.044,-0.052
0.124,1.048,0.248,0.064,1.028,-0.224
0.100,1.028,0.204,0.036,1.044,-0.064
0.104,1.036,0.228,0.064,1.036,-0.180
0.120,1.052,0.248,0.036,1.032,-0.136
0.096,1.024,0.196,0.052,1.040,-0.136
0.104,1.044,0.232,0.052,1.036,-0.192
0.116,1.044,0.236,0.040,1.044,-0.052
0.100,1.016,0.204,0.048,1.036,-0.192
0.096,1.040,0.212,0.048,1.040,-0.092
0.108,1.044,0.236,0.044,1.036,-0.116
0.108,1.028,0.232,0.032,1.048,-0.048
0.092,1.036,0.204,0.044,1.032,-0.188
0.112,1.052,0.244,0.024,1.040,-0.008
0.116,1.032,0.224,0.052,1.036,-0.212
0.092,1.028,0.208,0.024,1.048,-0.068
0.116,1.048,0.252,0.060,1.032,-0.196
0.112,1.024,0.212,0.032,1.040,-0.116
0.092,1.036,0.216,0.056,1.036,-0.132
0.116,1.048,0.248,0.052,1.032,-0.204
0.104,1.024,0.208,0.028,1.052,-0.012
0.096,1.040,0.228,0.064,1.032,-0.204
0.120,1.052,0.244,0.024,1.040,-0.064
0.092,1.024,0.204,0.060,1.036,-0.196
0.104,1.040,0.232,0.032,1.040,-0.108
0.120,1.044,0.232,0.056,1.036,-0.148
0.084,1.024,0.196,0.044,1.032,-0.180
0.112,1.044,0.240,0.024,1.048,0.004
0.108,1.040,0.224,0.060,1.036,-0.204
0.092,1.028,0.212,0.020,1.040,-0.072
0.116,1.048,0.252,0.064,1.040,-0.184
0.100,1.032,0.208,0.040,1.036,-0.152
0.100,1.036,0.232,0.048,1.040,-0.104
0.128,1.048,0.240,0.056,1.032,-0.220
0.092,1.024,0.192,0.032,1.048,-0.040
0.104,1.044,0.244,0.064,1.032,-0.208
0.120,1.044,0.232,0.028,1.040,-0.092
0.088,1.016,0.192,0.064,1.032,-0.176
0.112,1.052,0.244,0.040,1.036,-0.156
0.116,1.040,0.224,0.052,1.044,-0.104
0.084,1.024,0.192,0.052,1.032,-0.208
0.116,1.056,0.248,0.036,1.044,-0.052
0.108,1.032,0.220,0.060,1.032,-0.204
0.088,1.024,0.200,0.024,1.048,-0.012
0.120,1.052,0.248,0.064,1.036,-0.188
0.104,1.024,0.204,0.044,1.040,-0.132
0.088,1.024,0.204,0.052,1.040,-0.116
0.120,1.048,0.240,0.052,1.036,-0.212
0.096,1.020,0.204,0.032,1.040,-0.056
0.092,1.032,0.216,0.064,1.036,-0.204
0.112,1.044,0.224,0.016,1.048,0.004
0.084,1.020,0.196,0.056,1.036,-0.152
0.116,1.048,0.252,0.020,1.044,-0.052
0.108,1.032,0.216,0.044,1.040,-0.056
0.084,1.020,0.200,0.060,1.032,-0.216
0.120,1.056,0.252,0.032,1.048,-0.024
0.100,1.028,0.200,0.064,1.036,-0.180
0.088,1.024,0.204,0.020,1.044,-0.008
0.116,1.048,0.248,0.060,1.036,-0.152
0.088,1.028,0.196,0.024,1.044,-0.068
0.088,1.032,0.212,0.040,1.044,-0.068
0.116,1.048,0.240,0.032,1.040,-0.120
0.088,1.020,0.192,0.028,1.048,-0.028
0.096,1.036,0.228,0.064,1.032,-0.192
0.112,1.040,0.232,0.020,1.048,-0.004
0.084,1.024,0.196,0.056,1.032,-0.160
0.108,1.036,0.236,0.020,1.044,-0.044
0.108,1.036,0.216,0.048,1.040,-0.068
0.088,1.020,0.196,0.032,1.040,-0.108
0.116,1.044,0.244,0.024,1.044,-0.024
0.096,1.024,0.192,0.076,1.036,-0.176
0.088,1.032,0.216,0.020,1.044,-0.020
0.120,1.052,0.248,0.056,1.040,-0.108
0.088,1.020,0.192,0.024,1.044,-0.100
0.096,1.032,0.228,0.036,1.044,-0.040
0.120,1.052,0.248,0.040,1.036,-0.160
0.088,1.016,0.192,0.024,1.048,-0.012
0.104,1.048,0.240,0.052,1.032,-0.200
0.112,1.048,0.232,0.020,1.044,-0.020
0.084,1.020,0.200,0.048,1.048,-0.120
0.112,1.048,0.244,0.024,1.044,-0.084
0.104,1.024,0.204,0.040,1.044,-0.040
0.084,1.028,0.208,0.040,1.036,-0.148
0.116,1.056,0.248,0.024,1.048,-0.016
0.092,1.020,0.200,0.056,1.032,-0.204
0.092,1.032,0.216,0.020,1.044,-0.012
0.120,1.052,0.252,0.064,1.032,-0.212
0.088,1.020,0.192,0.024,1.040,-0.084
0.096,1.036,0.224,0.036,1.044,-0.032
0.120,1.052,0.244,0.040,1.032,-0.152
0.084,1.020,0.196,0.016,1.048,-0.016
0.112,1.040,0.244,0.060,1.032,-0.212
0.112,1.040,0.232,0.024,1.048,-0.044
0.088,1.028,0.208,0.068,1.036,-0.188
0.112,1.052,0.252,0.036,1.040,-0.136
0.104,1.036,0.212,0.060,1.040,-0.140
0.092,1.036,0.216,0.048,1.032,-0.172
0.120,1.056,0.248,0.016,1.044,-0.020
0.104,1.028,0.208,0.068,1.028,-0.212
0.100,1.036,0.228,0.024,1.044,-0.048
0.120,1.056,0.252,0.064,1.032,-0.196
0.096,1.020,0.200,0.036,1.036,-0.124
0.108,1.044,0.236,0.056,1.036,-0.156
0.120,1.048,0.240,0.044,1.032,-0.172
0.092,1.020,0.192,0.044,1.044,-0.072
0.112,1.048,0.248,0.060,1.032,-0.220
0.116,1.040,0.232,0.020,1.048,-0.044
0.088,1.024,0.208,0.068,1.032,-0.196
0.108,1.060,0.240,0.028,1.040,-0.100
0.108,1.040,0.224,0.048,1.032,-0.152
0.096,1.024,0.208,0.028,1.052,-0.064
0.100,1.048,0.212,0.052,1.036,-0.168
0.112,1.048,0.244,0.024,1.044,-0.056
0.096,1.024,0.196,0.044,1.040,-0.088
0.092,1.040,0.216,0.036,1.040,-0.092
0.120,1.044,0.252,0.036,1.044,-0.028
0.092,1.024,0.192,0.048,1.036,-0.180
0.104,1.040,0.228,0.024,1.044,0.000
0.120,1.048,0.240,0.056,1.028,-0.212
0.084,1.020,0.196,0.020,1.044,-0.056
0.108,1.048,0.236,0.060,1.036,-0.204
0.116,1.044,0.236,0.028,1.044,-0.088
0.088,1.024,0.200,0.032,1.048,-0.036
0.112,1.048,0.248,0.040,1.040,-0.164
0.116,1.036,0.228,0.020,1.048,0.000
0.088,1.028,0.208,0.052,1.036,-0.192
0.112,1.052,0.248,0.020,1.048,-0.036
0.108,1.032,0.212,0.064,1.032,-0.208
0.096,1.032,0.216,0.028,1.040,-0.076
0.116,1.052,0.244,0.052,1.040,-0.156
0.096,1.028,0.204,0.052,1.036,-0.204
0.108,1.040,0.244,0.028,1.052,0.000
0.120,1.044,0.232,0.060,1.032,-0.208
0.092,1.024,0.192,0.024,1.044,-0.076
0.116,1.048,0.248,0.064,1.032,-0.180
0.112,1.040,0.220,0.036,1.040,-0.136
0.088,1.028,0.212,0.056,1.040,-0.116
0.120,1.052,0.248,0.048,1.032,-0.204
0.104,1.032,0.212,0.044,1.044,-0.060
0.092,1.036,0.220,0.064,1.028,-0.200
0.120,1.052,0.248,0.032,1.044,-0.056
0.104,1.028,0.204,0.060,1.032,-0.200
0.096,1.036,0.228,0.032,1.044,-0.124
0.116,1.048,0.244,0.056,1.040,-0.140
0.088,1.024,0.200,0.048,1.032,-0.192
0.108,1.048,0.236,0.044,1.048,-0.080
0.120,1.044,0.236,0.060,1.032,-0.212
0.088,1.020,0.192,0.032,1.048,-0.016
0.112,1.048,0.236,0.064,1.032,-0.208
0.108,1.040,0.220,0.040,1.036,-0.128
0.084,1.020,0.196,0.052,1.044,-0.100
0.120,1.048,0.244,0.060,1.032,-0.216
0.100,1.024,0.200,0.032,1.044,-0.036
0.088,1.028,0.204,0.064,1.036,-0.204
0.120,1.052,0.240,0.024,1.048,0.004
0.092,1.020,0.196,0.064,1.036,-0.160
0.092,1.032,0.220,0.020,1.044,-0.040
0.112,1.040,0.228,0.048,1.036,-0.084
0.088,1.020,0.192,0.060,1.032,-0.212
0.096,1.040,0.228,0.040,1.044,-0.040
0.112,1.040,0.220,0.064,1.032,-0.200
0.080,1.020,0.192,0.024,1.048,0.004
0.120,1.052,0.248,0.060,1.036,-0.176
0.104,1.028,0.208,0.020,1.052,-0.040
0.080,1.028,0.196,0.052,1.040,-0.096
0.120,1.056,0.244,0.068,1.028,-0.204
0.100,1.024,0.204,0.040,1.044,-0.040
0.092,1.024,0.204,0.068,1.032,-0.208
0.116,1.052,0.236,0.020,1.052,-0.004
0.096,1.024,0.196,0.052,1.040,-0.172
0.096,1.036,0.224,0.024,1.044,-0.052
0.116,1.036,0.220,0.044,1.044,-0.052
0.084,1.020,0.196,0.032,1.040,-0.140
0.108,1.040,0.240,0.024,1.052,-0.020
0.104,1.028,0.204,0.072,1.036,-0.180
0.080,1.028,0.204,0.020,1.048,-0.016
0.112,1.052,0.244,0.056,1.036,-0.136
0.096,1.028,0.196,0.028,1.048,-0.076
0.084,1.028,0.212,0.044,1.048,-0.056
0.116,1.052,0.248,0.036,1.040,-0.128
0.092,1.020,0.196,0.028,1.048,-0.020
0.088,1.040,0.220,0.048,1.032,-0.192
0.120,1.052,0.248,0.016,1.048,0.004
0.092,1.020,0.192,0.056,1.044,-0.144
0.100,1.040,0.232,0.020,1.044,-0.064
0.116,1.052,0.236,0.040,1.044,-0.060
0.084,1.020,0.196,0.036,1.040,-0.124
0.108,1.044,0.240,0.024,1.044,-0.024
0.108,1.028,0.212,0.052,1.036,-0.192
0.088,1.020,0.204,0.020,1.044,-0.032
0.104,1.048,0.240,0.060,1.032,-0.188
0.100,1.028,0.208,0.020,1.044,-0.060
0.088,1.028,0.200,0.048,1.044,-0.088
0.116,1.052,0.240,0.028,1.040,-0.084
0.096,1.020,0.200,0.036,1.044,-0.056
0.088,1.028,0.204,0.040,1.036,-0.160
0.120,1.052,0.248,0.028,1.044,-0.004
0.088,1.024,0.192,0.052,1.032,-0.184
0.092,1.036,0.216,0.020,1.048,-0.040
0.124,1.052,0.248,0.064,1.036,-0.228
0.084,1.020,0.188,0.024,1.044,-0.076
0.100,1.040,0.228,0.044,1.052,-0.052
0.120,1.048,0.240,0.036,1.036,-0.148
0.084,1.020,0.196,0.028,1.048,-0.012
0.100,1.048,0.236,0.052,1.032,-0.196
0.116,1.048,0.244,0.020,1.048,-0.032
0.084,1.024,0.192,0.064,1.032,-0.220
0.112,1.048,0.236,0.020,1.040,-0.064
0.112,1.040,0.224,0.048,1.052,-0.060
0.088,1.024,0.200,0.028,1.044,-0.112
0.100,1.056,0.232,0.044,1.044,-0.064
0.116,1.040,0.224,0.032,1.044,-0.104
0.088,1.020,0.192,0.036,1.048,-0.060
0.108,1.044,0.232,0.036,1.040,-0.152
0.120,1.044,0.236,0.024,1.044,-0.020
0.092,1.020,0.192,0.056,1.032,-0.204
0.108,1.052,0.236,0.020,1.044,-0.032
0.100,1.024,0.208,0.056,1.044,-0.112
0.084,1.032,0.200,0.028,1.044,-0.072
0.112,1.052,0.240,0.036,1.044,-0.052
0.092,1.024,0.200,0.040,1.036,-0.160
0.092,1.032,0.208,0.024,1.048,-0.016
0.120,1.052,0.248,0.048,1.032,-0.188
0.088,1.024,0.188,0.020,1.048,-0.028
0.092,1.036,0.216,0.064,1.032,-0.216
0.120,1.048,0.248,0.024,1.044,-0.052
0.088,1.020,0.192,0.040,1.048,-0.064
0.100,1.040,0.228,0.032,1.040,-0.144
0.116,1.052,0.244,0.028,1.048,-0.012
0.084,1.024,0.196,0.056,1.036,-0.184
0.112,1.048,0.244,0.024,1.044,-0.032
0.112,1.040,0.224,0.060,1.036,-0.220
0.088,1.028,0.212,0.028,1.040,-0.112
0.120,1.056,0.248,0.060,1.036,-0.144
0.104,1.036,0.200,0.048,1.036,-0.200
0.096,1.032,0.224,0.020,1.052,-0.008
0.124,1.052,0.248,0.056,1.032,-0.204
0.100,1.024,0.200,0.024,1.048,-0.052
0.100,1.040,0.236,0.064,1.032,-0.204
0.120,1.048,0.244,0.032,1.044,-0.116
0.092,1.024,0.196,0.060,1.040,-0.140
0.112,1.052,0.240,0.048,1.036,-0.180
0.112,1.048,0.228,0.044,1.044,-0.092
0.084,1.020,0.204,0.060,1.032,-0.204
0.116,1.052,0.244,0.024,1.048,-0.044
0.112,1.040,0.216,0.064,1.032,-0.212
0.088,1.032,0.204,0.028,1.044,-0.096
0.120,1.052,0.248,0.056,1.036,-0.156
0.108,1.032,0.208,0.040,1.040,-0.172
0.100,1.032,0.220,0.044,1.048,-0.084
0.124,1.048,0.244,0.060,1.036,-0.216
0.088,1.024,0.196,0.028,1.044,-0.080
0.108,1.044,0.244,0.060,1.036,-0.192
0.116,1.044,0.232,0.032,1.040,-0.148
0.088,1.020,0.188,0.056,1.044,-0.104
0.116,1.052,0.252,0.056,1.036,-0.212
0.112,1.032,0.216,0.036,1.044,-0.044
0.084,1.024,0.192,0.064,1.032,-0.200
0.120,1.052,0.248,0.020,1.052,-0.008
0.108,1.028,0.200,0.060,1.036,-0.184
0.092,1.020,0.196,0.036,1.040,-0.144
0.120,1.052,0.244,0.052,1.036,-0.112
0.096,1.024,0.196,0.048,1.036,-0.196
0.084,1.032,0.204,0.040,1.040,-0.064
0.116,1.052,0.240,0.064,1.032,-0.208
0.092,1.024,0.192,0.024,1.052,-0.008
0.092,1.036,0.212,0.060,1.032,-0.196
0.116,1.048,0.236,0.020,1.048,-0.024
0.092,1.020,0.188,0.056,1.040,-0.124
0.100,1.048,0.228,0.036,1.036,-0.152
0.108,1.044,0.232,0.052,1.036,-0.128
0.100,1.020,0.216,0.032,1.048,-0.076
0.096,1.040,0.200,0.052,1.036,-0.152
0.104,1.048,0.240,0.032,1.040,-0.132
0.104,1.032,0.224,0.048,1.036,-0.144
0.088,1.040,0.212,0.044,1.032,-0.184
0.116,1.052,0.248,0.040,1.044,-0.060
0.104,1.028,0.208,0.056,1.036,-0.216
0.096,1.040,0.216,0.028,1.040,-0.044
0.116,1.052,0.248,0.060,1.036,-0.184
0.096,1.024,0.200,0.032,1.040,-0.140
0.100,1.044,0.228,0.056,1.036,-0.140
0.120,1.044,0.236,0.044,1.036,-0.180
0.092,1.024,0.192,0.044,1.040,-0.068
0.108,1.048,0.244,0.060,1.032,-0.212
0.116,1.044,0.224,0.024,1.048,-0.032
0.092,1.016,0.188,0.060,1.032,-0.192
0.112,1.052,0.244,0.032,1.044,-0.120
0.116,1.036,0.220,0.056,1.040,-0.160
0.088,1.016,0.192,0.048,1.036,-0.180
0.120,1.048,0.244,0.032,1.048,-0.052
0.100,1.028,0.192,0.060,1.032,-0.212
0.088,1.024,0.208,0.020,1.052,-0.008
0.120,1.048,0.236,0.064,1.036,-0.164
0.092,1.024,0.192,0.044,1.040,-0.168
0.092,1.032,0.216,0.056,1.040,-0.100
0.120,1.040,0.232,0.052,1.032,-0.208
0.092,1.020,0.184,0.036,1.044,-0.028
0.112,1.052,0.240,0.060,1.036,-0.212
0.112,1.032,0.216,0.020,1.052,-0.008
0.088,1.020,0.192,0.060,1.036,-0.172
0.116,1.048,0.252,0.016,1.048,-0.024
0.104,1.028,0.212,0.052,1.036,-0.116
0.084,1.024,0.192,0.056,1.036,-0.192
0.116,1.052,0.244,0.040,1.044,-0.036
0.100,1.020,0.196,0.060,1.036,-0.220
0.088,1.028,0.200,0.024,1.048,-0.020
0.124,1.048,0.244,0.064,1.032,-0.184
0.096,1.020,0.192,0.020,1.048,-0.016
0.096,1.032,0.216,0.052,1.040,-0.112
0.108,1.044,0.224,0.032,1.040,-0.100
0.088,1.024,0.192,0.028,1.048,-0.016
0.108,1.040,0.236,0.064,1.036,-0.208
0.108,1.032,0.204,0.016,1.048,-0.008
0.084,1.024,0.196,0.060,1.036,-0.132
0.116,1.044,0.248,0.020,1.052,-0.056
0.100,1.024,0.196,0.044,1.044,-0.068
0.092,1.024,0.208,0.032,1.040,-0.136
0.116,1.052,0.248,0.024,1.048,-0.008
0.092,1.024,0.192,0.048,1.032,-0.192
0.092,1.036,0.216,0.020,1.048,-0.020
0.120,1.052,0.240,0.060,1.040,-0.132
0.088,1.020,0.192,0.024,1.044,-0.044
0.100,1.036,0.224,0.040,1.040,-0.088
0.108,1.040,0.220,0.032,1.040,-0.124
0.088,1.024,0.196,0.028,1.044,-0.012
0.108,1.040,0.232,0.048,1.036,-0.176
0.104,1.024,0.212,0.016,1.048,-0.024
0.080,1.024,0.192,0.060,1.032,-0.152
0.112,1.048,0.244,0.028,1.040,-0.044
0.092,1.024,0.192,0.040,1.040,-0.060
0.092,1.032,0.212,0.040,1.036,-0.160
0.112,1.048,0.248,0.024,1.044,0.000
0.084,1.024,0.192,0.056,1.036,-0.208
0.104,1.036,0.224,0.020,1.048,-0.040
0.120,1.048,0.236,0.068,1.028,-0.208
0.084,1.020,0.196,0.024,1.044,-0.088
0.108,1.044,0.240,0.036,1.052,-0.040
0.112,1.044,0.232,0.040,1.036,-0.160
0.088,1.020,0.200,0.020,1.052,-0.004
0.112,1.048,0.240,0.052,1.032,-0.196
0.112,1.036,0.228,0.016,1.048,-0.040
0.092,1.028,0.204,0.064,1.036,-0.220
0.120,1.052,0.248,0.024,1.044,-0.076
0.108,1.028,0.212,0.060,1.036,-0.176
0.096,1.032,0.216,0.036,1.036,-0.164
0.120,1.048,0.248,0.028,1.048,-0.004
0.104,1.024,0.204,0.056,1.032,-0.192
0.100,1.036,0.220,0.020,1.048,-0.028
0.112,1.056,0.240,0.060,1.032,-0.220
0.100,1.028,0.196,0.040,1.048,-0.104
0.112,1.032,0.228,0.040,1.040,-0.088
0.100,1.036,0.200,0.052,1.036,-0.180
0.112,1.036,0.244,0.028,1.044,-0.040
0.112,1.032,0.216,0.056,1.036,-0.104
