timestamp,sensor1_x,sensor1_y,sensor1_z,sensor2_x,sensor2_y,sensor2_z,sensor3_x,sensor3_y,sensor3_z,sensor4_x,sensor4_y,sensor4_z,sensor5_x,sensor5_y,sensor5_z
0,-0.0005,0.991,9.8457,0.3047,0.8513,9.8754,0.1517,0.4469,9.7902,-0.1312,0.4074,9.8053,-0.2675,0.8242,9.8465
1,0.5007,0.711,10.0468,0.7728,0.4815,10.0354,0.611,0.226,9.9898,0.3183,0.2602,10.0886,0.1185,0.623,10.0733
2,0.8138,0.104,10.1397,0.9894,-0.2228,10.1387,0.8033,-0.3872,10.1385,0.4254,-0.2509,10.2523,0.4567,0.0393,10.1512
3,0.6232,-0.4568,10.198,0.8623,-0.6361,10.1282,0.6497,-0.8024,10.1971,0.2742,-0.7206,10.1324,0.2543,-0.4151,10.1938
4,0.2427,-0.4871,9.9052,0.3981,-0.7238,9.9422,0.0896,-0.988,10.0404,-0.221,-0.7147,9.9313,-0.1077,-0.4571,9.9947
5,-0.2418,-0.0621,9.8747,-0.1235,-0.3362,9.7827,-0.4157,-0.4805,9.7411,-0.7263,-0.2806,9.7994,-0.5211,0.0687,9.7321
6,-0.5131,0.4713,9.5487,-0.3734,0.2257,9.6003,-0.7136,0.2149,9.7008,-0.897,0.3965,9.5693,-0.7854,0.6817,9.7158
7,-0.2872,0.7034,9.6031,-0.276,0.4798,9.4931,-0.7424,0.5231,9.5515,-0.8857,0.8313,9.5962,-0.6933,0.9164,9.5224
8,0.0381,0.5818,9.7104,0.1557,0.276,9.7202,-0.2382,0.2543,9.645,-0.4017,0.6898,9.724,-0.4152,0.7911,9.6646
9,0.6134,0.101,9.8998,0.5757,-0.3657,9.9088,0.1876,-0.1573,9.8471,0.1073,0.172,9.8632,0.3144,0.2156,9.8769
10,0.958,-0.669,10.1806,0.8632,-0.8542,10.138,0.4602,-0.6241,10.1441,0.2815,-0.3248,10.1562,0.6207,-0.3668,10.1666
11,1.048,-0.76,10.2043,0.8755,-0.9508,10.3664,0.4505,-0.801,10.242,0.303,-0.5295,10.3038,0.7412,-0.556,10.3657
12,0.5931,-0.4378,10.3067,0.354,-0.6049,10.3274,-0.028,-0.377,10.2477,0.0086,-0.0843,10.2172,0.3653,-0.2447,10.2709
13,-0.0126,0.0598,10.0816,-0.1591,0.0833,9.9671,-0.5229,0.3583,10.148,-0.4244,0.6078,10.0894,-0.065,0.3858,10.1282
14,-0.2731,0.4703,9.8757,-0.5674,0.5831,9.8287,-0.8754,0.756,9.847,-0.7804,0.9017,9.8554,-0.503,0.8039,9.7951
15,-0.2944,0.3362,9.696,-0.7137,0.4814,9.7097,-1.0359,0.6929,9.7084,-0.9281,0.7859,9.6857,-0.5053,0.5622,9.6118
16,-0.073,-0.1521,9.5549,-0.3906,-0.0033,9.5673,-0.5953,0.1532,9.6324,-0.4144,0.2873,9.5662,-0.0909,0.0143,9.6909
17,0.4478,-0.7256,9.685,0.1403,-0.5498,9.7069,-0.1586,-0.2428,9.7987,0.0716,-0.249,9.5952,0.3908,-0.6489,9.6713
18,0.8943,-0.9264,9.8267,0.5654,-0.6839,9.8878,0.33,-0.5213,9.901,0.4494,-0.5272,9.8503,0.908,-0.7804,9.8475
19,0.9299,-0.546,10.1219,0.508,-0.4111,10.0847,0.3652,-0.0655,10.1206,0.701,-0.2708,10.1362,1.0001,-0.5629,10.034
20,0.5662,0.03,10.2016,0.3802,0.303,10.2596,0.0704,0.4627,10.1577,0.3638,0.31,10.2346,0.6612,-0.0978,10.1832
21,0.0199,0.4915,10.2148,-0.3002,0.8795,10.2639,-0.3879,1.0679,10.2642,0.065,0.7484,10.2157,0.3257,0.4556,10.2
22,-0.4188,0.5314,10.0245,-0.7162,0.7034,9.9447,-0.7052,0.8033,10.0793,-0.4651,0.4977,9.996,-0.187,0.4228,10.0145
23,-0.6564,0.0271,9.8029,-0.8978,0.4571,9.7986,-0.8674,0.3791,9.8449,-0.5874,0.1184,9.7565,-0.3868,-0.1322,9.7103
24,-0.4933,-0.5035,9.5747,-0.7679,-0.1469,9.5021,-0.7111,-0.3333,9.4751,-0.2782,-0.4688,9.4803,-0.089,-0.6681,9.5629
25,-0.0965,-0.6616,9.4391,-0.281,-0.4511,9.5345,-0.0905,-0.5989,9.443,0.1782,-0.7878,9.4244,0.332,-1.0029,9.4586
26,0.4866,-0.4619,9.6301,0.1617,-0.17,9.4837,0.3311,-0.3334,9.5217,0.7896,-0.654,9.4921,0.7602,-0.6485,9.5126
27,0.6202,0.1752,9.6636,0.3598,0.3889,9.6718,0.5228,0.1552,9.7198,0.9254,-0.0979,9.7229,0.9144,-0.0287,9.6971
28,0.4103,0.773,9.9028,0.2466,0.8582,9.9176,0.4863,0.5966,9.8734,0.7259,0.4323,10.0151,0.7284,0.3556,9.9111
29,-0.0641,0.8064,10.0476,-0.2464,0.8586,10.074,0.0332,0.5927,10.0967,0.4564,0.3996,10.1164,0.2992,0.4621,10.023
30,-0.6084,0.3567,10.044,-0.7392,0.4081,9.9999,-0.4822,0.1496,10.0146,-0.1722,-0.0347,10.1239,-0.2202,0.1745,10.0335
31,-0.9084,-0.1561,9.9292,-0.9896,-0.1868,9.8494,-0.6775,-0.4899,9.8797,-0.372,-0.6302,9.8454,-0.5786,-0.4093,9.8133
32,-0.7609,-0.4808,9.6622,-0.885,-0.5443,9.6043,-0.5149,-0.7868,9.6635,-0.2914,-1.0058,9.7341,-0.4324,-0.6497,9.6646
33,-0.3761,-0.3052,9.4305,-0.4543,-0.3801,9.4667,-0.0384,-0.6349,9.5032,0.1222,-0.6985,9.4632,-0.113,-0.5624,9.482
34,0.0582,0.26,9.3218,0.0763,0.057,9.2283,0.5218,-0.1969,9.2978,0.6776,-0.1727,9.2973,0.3848,0.1783,9.3373
35,0.3616,0.8903,9.3551,0.5409,0.5696,9.3923,0.8158,0.2333,9.2542,0.95,0.3584,9.2923,0.66,0.7439,9.3414
36,0.3951,0.8874,9.5688,0.5854,0.6399,9.6235,0.7853,0.3863,9.5379,0.9401,0.5415,9.5667,0.614,0.8496,9.5612
37,0.0679,0.4914,9.8029,0.1936,0.0831,9.777,0.4648,-0.0034,9.8424,0.5383,0.2634,9.8772,0.1927,0.583,9.833
38,-0.6027,-0.1575,9.9583,-0.4332,-0.4727,10.0283,-0.0081,-0.5693,9.9797,-0.0622,-0.2368,9.9749,-0.4153,-0.1532,10.0108
39,-0.9136,-0.5219,10.0057,-0.6959,-0.8982,9.9738,-0.4062,-0.9729,10.0144,-0.4112,-0.6523,10.0436,-0.7243,-0.4356,10.0223
40,-0.9418,-0.4206,9.8899,-0.659,-0.737,9.9101,-0.399,-0.8502,9.8446,-0.4973,-0.5685,9.8256,-0.7442,-0.3603,9.9312
41,-0.7198,-0.132,9.6297,-0.3975,-0.359,9.7121,0.0548,-0.2287,9.6627,-0.1793,0.0459,9.6918,-0.5323,0.1673,9.6379
42,-0.1589,0.4661,9.4202,0.2577,0.1905,9.4519,0.4199,0.4274,9.4547,0.3281,0.6408,9.4767,-0.0669,0.7613,9.4545
43,0.3772,0.6394,9.2666,0.6899,0.3865,9.3899,0.8784,0.6781,9.2163,0.6764,0.8635,9.3589,0.3352,0.9385,9.3281
44,0.4569,0.2368,9.3781,0.9254,0.1354,9.4263,0.9658,0.3895,9.4416,0.7237,0.5617,9.4691,0.3775,0.6201,9.3067
45,0.234,-0.3402,9.6345,0.5116,-0.4345,9.6097,0.7243,-0.1424,9.5759,0.4607,-0.026,9.6729,0.1315,-0.0736,9.5925
46,-0.2599,-0.7886,9.8706,0.0851,-0.8221,9.8728,0.2197,-0.5861,9.9049,-0.1755,-0.4759,9.8474,-0.3339,-0.498,9.8787
47,-0.6846,-0.8564,10.1133,-0.3013,-0.7525,10.0683,-0.2895,-0.5631,10.0791,-0.5801,-0.3807,10.0855,-0.9447,-0.5576,10.1038
48,-0.8279,-0.2899,10.1382,-0.4855,-0.287,10.1207,-0.4567,0.0176,10.0491,-0.822,0.0968,10.1101,-0.9601,-0.0851,10.1273
49,-0.4607,0.2265,9.9149,-0.1773,0.3711,10.0401,-0.221,0.6567,10.1007,-0.6166,0.7113,9.9329,-0.785,0.3901,10.021
50,-0.0242,0.4748,9.7763,0.2488,0.6746,9.7414,0.172,0.9089,9.7964,-0.1854,0.9205,9.7728,-0.236,0.6785,9.8085
51,0.52,0.0922,9.5429,0.7369,0.4063,9.5313,0.6727,0.5987,9.6568,0.2393,0.5578,9.5854,0.1718,0.3503,9.6029
52,0.7353,-0.3367,9.374,0.9682,-0.1378,9.4876,0.7899,0.1501,9.4811,0.463,-0.0055,9.4976,0.4505,-0.2644,9.5059
53,0.6154,-0.7842,9.5599,0.8257,-0.5574,9.5659,0.6639,-0.293,9.5609,0.3206,-0.5455,9.5032,0.3878,-0.8884,9.5763
54,0.1962,-0.8424,9.7971,0.4147,-0.5631,9.7401,0.1199,-0.3591,9.8143,-0.2306,-0.6531,9.6578,-0.0433,-0.8518,9.6453
55,-0.2837,-0.3283,10.0344,-0.1469,-0.1329,9.9784,-0.3888,-0.0471,10.0321,-0.6818,-0.1983,9.9997,-0.545,-0.5426,10.1333
56,-0.5092,0.2351,10.1759,-0.4224,0.5797,10.2005,-0.735,0.5662,10.2044,-0.9152,0.4076,10.2525,-0.7927,0.1355,10.1841
57,-0.3576,0.6411,10.2981,-0.3796,0.8817,10.3208,-0.6558,0.8464,10.279,-0.8737,0.6186,10.2618,-0.7025,0.5241,10.335
58,0.1039,0.5327,10.211,-0.0007,0.7903,10.2288,-0.3189,0.6442,10.175,-0.5151,0.4485,10.162,-0.3038,0.232,10.1712
59,0.6287,-0.0108,9.9922,0.45,0.2144,9.9479,0.3427,0.0443,10.0419,0.0425,-0.1753,10.0114,0.3028,-0.1771,10.0193
60,0.9442,-0.525,9.7783,0.8765,-0.2993,9.694,0.4791,-0.4383,9.7583,0.4,-0.747,9.7395,0.5901,-0.8133,9.7767
61,0.9321,-0.5074,9.6887,0.7796,-0.3846,9.5771,0.447,-0.617,9.5489,0.3858,-0.8904,9.6885,0.6017,-0.8112,9.6124
62,0.6047,-0.1703,9.758,0.4255,-0.1485,9.5967,-0.0409,-0.3432,9.6186,-0.0221,-0.5278,9.593,0.4305,-0.4993,9.6353
63,0.003,0.5388,9.7843,-0.2378,0.3757,9.7611,-0.5457,0.2108,9.8051,-0.5372,-0.0294,9.8897,-0.1214,0.2977,9.857
64,-0.3262,0.884,9.9962,-0.5815,0.9088,10.0934,-0.8934,0.5617,10.0549,-0.8877,0.3985,10.0409,-0.4821,0.631,10.0664
65,-0.2974,0.8473,10.3052,-0.736,0.6913,10.2572,-1.032,0.3425,10.2001,-0.7951,0.2677,10.2363,-0.4991,0.6577,10.1582
66,0.0174,0.2489,10.2467,-0.4208,0.1442,10.3707,-0.586,-0.131,10.2788,-0.5077,-0.1893,10.2433,-0.1086,0.0704,10.2289
67,0.4351,-0.3473,10.2249,0.113,-0.391,10.182,-0.0976,-0.7888,10.1771,0.0247,-0.5987,10.2443,0.4183,-0.464,10.1129
68,0.8294,-0.3604,9.9815,0.4589,-0.6375,9.9435,0.3303,-0.9619,9.9454,0.5545,-0.7596,9.9744,0.8318,-0.6309,9.9621
69,0.8618,-0.0721,9.6169,0.4925,-0.4335,9.7008,0.4015,-0.5875,9.7193,0.6597,-0.5467,9.744,1.0155,-0.205,9.7236
70,0.579,0.4682,9.5544,0.3339,0.1785,9.5459,0.0776,-0.0503,9.5133,0.3504,0.1146,9.5742,0.7183,0.451,9.5718
71,0.0208,0.8283,9.5778,-0.314,0.6323,9.6521,-0.3182,0.5367,9.5845,0.0087,0.6271,9.5204,0.2256,0.8471,9.5902
72,-0.4169,0.6758,9.7748,-0.7436,0.4475,9.7063,-0.885,0.4535,9.6567,-0.4806,0.5148,9.702,-0.24,0.8526,9.7534
73,-0.6608,0.2389,9.8671,-0.8962,-0.1466,9.9482,-0.9316,-0.0733,9.8336,-0.6644,0.133,9.9845,-0.3322,0.3977,9.9133
74,-0.5137,-0.3122,10.0221,-0.724,-0.5348,10.0167,-0.5577,-0.6426,9.9809,-0.4099,-0.3612,10.1504,-0.1733,-0.2702,10.0619
75,-0.017,-0.615,10.2372,-0.2733,-0.8611,10.1662,-0.2076,-0.8881,10.2658,0.2039,-0.5906,10.2399,0.2247,-0.4079,10.161
76,0.5656,-0.4839,10.0155,0.153,-0.6649,10.0085,0.3733,-0.5963,10.0984,0.6359,-0.2984,9.9738,0.8252,-0.193,10.1216
77,0.6913,0.0589,9.8514,0.3978,-0.1075,9.7713,0.5874,0.0884,9.7858,0.9495,0.346,9.8766,0.9616,0.4028,9.8898
78,0.4162,0.5209,9.6106,0.2377,0.3041,9.6434,0.4953,0.565,9.6112,0.8213,0.8396,9.5716,0.7443,0.7609,9.5425
79,-0.0427,0.4095,9.4804,-0.1529,0.4385,9.4526,0.0167,0.7428,9.4156,0.417,0.8272,9.49,0.3565,0.7799,9.4788
80,-0.5459,0.0568,9.3972,-0.6952,-0.0278,9.3858,-0.3786,0.2574,9.4286,-0.1749,0.4902,9.4109,-0.2807,0.3621,9.412
81,-0.9119,-0.491,9.4166,-0.9101,-0.5499,9.5539,-0.6362,-0.3327,9.4935,-0.3689,-0.2095,9.5369,-0.5184,-0.3304,9.5055
82,-0.8498,-1.0407,9.7704,-0.8367,-0.917,9.8315,-0.4866,-0.5058,9.7234,-0.2886,-0.5525,9.7658,-0.5257,-0.6617,9.6945
83,-0.3248,-0.7798,10.0005,-0.3443,-0.6346,9.9303,-0.0859,-0.2286,9.9107,0.1318,-0.2635,9.9312,-0.1541,-0.6268,9.9809
84,0.0771,-0.1997,10.0708,0.1011,-0.0462,10.0692,0.4907,0.1956,10.0718,0.6141,0.2371,9.999,0.412,-0.1096,10.0723
85,0.3933,0.3294,9.8742,0.4849,0.5213,10.0245,0.8691,0.7764,9.9343,0.9343,0.7127,9.9553,0.5753,0.3495,9.8676
86,0.3734,0.4053,9.7885,0.496,0.7476,9.7991,0.8569,0.8495,9.6676,0.9256,0.8175,9.7488,0.6379,0.4836,9.6807
87,-0.0757,0.0837,9.6035,0.1329,0.3114,9.497,0.554,0.5241,9.4492,0.4736,0.3837,9.5259,0.1403,0.1112,9.4652
88,-0.6002,-0.5155,9.3036,-0.2804,-0.1238,9.3616,-0.0877,0.0116,9.3731,-0.0261,-0.2725,9.3285,-0.3564,-0.512,9.2998
89,-0.9113,-0.8083,9.3177,-0.6119,-0.5005,9.3973,-0.3955,-0.5231,9.2689,-0.4658,-0.6828,9.3705,-0.7866,-1.0386,9.4319
90,-0.9673,-0.6503,9.4224,-0.7123,-0.3266,9.4601,-0.36,-0.3013,9.424,-0.3623,-0.7315,9.5913,-0.8438,-0.8379,9.4767
91,-0.5384,-0.0638,9.7055,-0.2949,0.1571,9.6733,-0.0476,0.1187,9.5968,-0.189,-0.1262,9.7186,-0.5961,-0.3332,9.6149
92,-0.136,0.5414,10.0203,0.2272,0.718,9.9148,0.492,0.6395,9.9987,0.2819,0.215,9.7801,0.0384,0.3355,9.8897
93,0.3448,0.6321,10.0646,0.6605,0.9115,10.0141,0.9702,0.8685,10.0535,0.6228,0.4307,10.0834,0.3198,0.4485,10.1249
94,0.489,0.4644,10.0398,0.8083,0.5942,10.0348,1.052,0.3685,9.9731,0.7944,0.1726,9.9099,0.3589,0.2833,10.0086
95,0.1684,-0.0849,9.8952,0.5752,0.1118,9.7527,0.5748,-0.1857,9.8818,0.3429,-0.4241,9.9002,0.1314,-0.3759,9.7686
96,-0.2507,-0.4053,9.6076,0.0746,-0.417,9.5329,0.1464,-0.7739,9.6853,-0.1495,-0.9069,9.7059,-0.4196,-0.7667,9.5579
97,-0.6141,-0.3938,9.3801,-0.2792,-0.4204,9.5845,-0.2757,-0.6917,9.3832,-0.569,-0.8532,9.4713,-0.8001,-0.6874,9.3762
98,-0.7827,0.1222,9.4762,-0.4159,0.0586,9.4237,-0.5178,-0.2291,9.3498,-0.7725,-0.3503,9.4449,-0.9735,-0.1641,9.3561
99,-0.4466,0.6494,9.5984,-0.1927,0.6328,9.5494,-0.2914,0.289,9.5796,-0.6529,0.2308,9.6331,-0.7873,0.4577,9.5316
100,-0.1002,0.9931,9.8152,0.2119,0.6365,9.7889,0.1533,0.4209,9.7698,-0.1959,0.5435,9.8268,-0.2962,0.798,9.7738
101,0.5155,0.6277,10.0296,0.7386,0.4679,10.1059,0.6551,0.1908,9.9784,0.2954,0.312,10.0736,0.1798,0.6145,9.9583
102,0.7334,0.0725,10.2398,0.9664,-0.1804,10.2279,0.8322,-0.3352,10.1791,0.5116,-0.1795,10.2288,0.4537,0.0721,10.0895
103,0.6785,-0.4422,10.1786,0.8496,-0.6644,10.2215,0.5755,-0.8042,10.1444,0.3189,-0.6399,10.0466,0.3302,-0.4949,10.2437
104,0.2079,-0.4562,9.9748,0.4199,-0.7653,10.0232,0.0456,-0.847,10.102,-0.1915,-0.6728,9.9957,-0.0905,-0.3822,10.0743
105,-0.1979,-0.1167,9.8134,-0.1121,-0.3081,9.7995,-0.3421,-0.4488,9.7707,-0.7058,-0.2114,9.7261,-0.4875,0.0662,9.7883
106,-0.5996,0.4958,9.6107,-0.4291,0.1443,9.6847,-0.7679,0.1888,9.6488,-0.979,0.4703,9.6669,-0.7625,0.7217,9.7103
107,-0.3405,0.8607,9.54,-0.3458,0.4943,9.6618,-0.6828,0.4781,9.5775,-0.8731,0.8503,9.6011,-0.6844,0.9189,9.6434
108,0.1562,0.5354,9.6606,0.0393,0.3157,9.6087,-0.2128,0.3154,9.8301,-0.4745,0.6576,9.6987,-0.341,0.7153,9.6554
109,0.6621,-0.1603,9.9209,0.5055,-0.2347,9.9804,0.2078,-0.1801,9.8168,0.0006,0.1346,9.8593,0.4278,0.1474,9.905
110,0.9081,-0.693,10.172,0.8071,-0.7753,10.0826,0.4333,-0.5933,10.1726,0.371,-0.4386,10.1439,0.5703,-0.3654,10.0865
111,0.8923,-0.8047,10.314,0.8544,-0.9363,10.2901,0.3711,-0.7248,10.2892,0.3926,-0.4845,10.2714,0.6762,-0.395,10.3528
112,0.4789,-0.5148,10.2612,0.3607,-0.4723,10.2888,-0.0409,-0.2213,10.2824,0.0749,-0.019,10.2972,0.2695,-0.1999,10.2052
113,-0.0072,0.0913,10.0035,-0.1879,-0.0039,10.1093,-0.5917,0.309,10.0626,-0.5286,0.5703,10.094,-0.2353,0.3692,10.1273
114,-0.374,0.5309,9.8302,-0.5749,0.4564,9.8734,-0.8886,0.8001,9.8644,-0.8987,0.9372,9.7784,-0.4822,0.6731,9.8839
115,-0.3295,0.3047,9.6366,-0.6809,0.3799,9.6529,-1.0334,0.7678,9.6908,-0.8924,0.8119,9.6363,-0.4865,0.6299,9.6441
116,-0.0529,-0.1907,9.6105,-0.3453,-0.1012,9.6184,-0.6583,0.2873,9.5831,-0.4856,0.2571,9.545,-0.1756,-0.0757,9.621
117,0.46,-0.671,9.6653,0.135,-0.5375,9.6903,-0.1733,-0.2908,9.6927,0.1642,-0.2124,9.7404,0.4359,-0.5712,9.5856
118,0.8491,-0.8442,9.9006,0.5004,-0.6747,9.8781,0.3048,-0.5462,9.8434,0.461,-0.5968,9.8465,0.8554,-0.7462,9.8246
119,0.843,-0.5671,10.1939,0.6263,-0.3997,10.0934,0.3696,-0.1042,10.109,0.5609,-0.2653,10.0122,1.0052,-0.5661,10.0566
120,0.5994,-0.0001,10.255,0.2546,0.2975,10.258,0.1854,0.5856,10.2471,0.4035,0.4156,10.1732,0.7499,0.0086,10.2697
121,-0.0097,0.5002,10.2764,-0.3121,0.7324,10.226,-0.3761,0.8437,10.1674,0.0178,0.663,10.1375,0.1729,0.5385,10.2137
122,-0.3693,0.5418,10.1311,-0.7141,0.7279,10.088,-0.8224,0.8105,9.9528,-0.4954,0.6947,10.0193,-0.2655,0.4209,10.0063
123,-0.5676,0.027,9.8416,-0.9082,0.3347,9.8291,-0.9616,0.2562,9.8368,-0.6171,0.0229,9.7795,-0.3522,-0.1445,9.7398
124,-0.3875,-0.6051,9.4904,-0.7155,-0.1956,9.6027,-0.664,-0.2071,9.6389,-0.326,-0.525,9.5547,-0.1919,-0.6772,9.6295
125,0.0222,-0.6852,9.4453,-0.3164,-0.4814,9.5016,-0.2215,-0.5014,9.5226,0.1762,-0.8458,9.4439,0.2333,-0.9828,9.4428
126,0.343,-0.4054,9.5066,0.174,-0.2338,9.6078,0.2863,-0.3897,9.4388,0.6921,-0.6616,9.4783,0.6973,-0.6006,9.4399
127,0.6264,0.1833,9.7529,0.4255,0.4157,9.6744,0.6409,0.1396,9.7645,0.882,-0.1214,9.7341,0.8763,-0.0955,9.7419
128,0.3854,0.73,9.8711,0.2985,0.873,9.8951,0.3848,0.6152,9.9381,0.8242,0.3865,9.9117,0.7837,0.4728,9.9859
129,-0.1048,0.8247,10.0141,-0.1512,0.8747,10.0373,0.0112,0.7342,10.087,0.3624,0.3159,10.0363,0.388,0.5316,10.0619
130,-0.6256,0.4166,10.0653,-0.7683,0.3669,10.1214,-0.4502,0.1167,9.9633,-0.1065,-0.0694,10.1319,-0.1806,0.1486,10.0717
131,-0.9074,-0.098,9.8652,-1.0142,-0.2664,9.8785,-0.5604,-0.4286,9.8447,-0.3914,-0.6581,9.8627,-0.5037,-0.5138,9.9229
132,-0.7501,-0.4174,9.698,-0.8087,-0.5947,9.6572,-0.4935,-0.8948,9.6249,-0.331,-0.9654,9.77,-0.4562,-0.6532,9.6517
133,-0.4142,-0.1964,9.4088,-0.3579,-0.4278,9.4866,-0.0864,-0.6531,9.4035,0.1481,-0.6742,9.4184,-0.0831,-0.4187,9.4472
134,0.0426,0.2538,9.3588,0.148,0.1015,9.3368,0.4906,-0.1488,9.3486,0.6922,-0.1347,9.2513,0.3107,0.1347,9.4032
135,0.3902,0.7671,9.2919,0.5024,0.5538,9.3444,0.8056,0.3355,9.306,0.9339,0.4024,9.4341,0.6259,0.7208,9.3399
136,0.3225,0.8398,9.6241,0.5509,0.6275,9.5216,0.7685,0.4793,9.5208,0.8944,0.5762,9.6189,0.5438,0.8214,9.5485
137,0.0864,0.4875,9.8593,0.1721,0.1979,9.775,0.5055,0.1022,9.7861,0.5204,0.248,9.8293,0.2012,0.5314,9.7959
138,-0.5748,-0.0671,9.9666,-0.3568,-0.3183,9.9202,0.0026,-0.4529,9.9241,-0.0459,-0.2261,9.942,-0.3621,-0.1037,9.9079
139,-0.8784,-0.4524,10.0265,-0.7458,-0.8669,10.0667,-0.3555,-0.877,9.9887,-0.4706,-0.6266,9.9539,-0.7965,-0.3892,10.0218
140,-1.0046,-0.4631,9.9225,-0.6912,-0.7529,9.9296,-0.3767,-0.7484,9.9564,-0.5186,-0.5627,9.8378,-0.9212,-0.386,9.8408
141,-0.5594,-0.0457,9.6798,-0.2882,-0.2989,9.6277,-0.1368,-0.2634,9.6943,-0.1924,0.1871,9.7078,-0.5966,0.2272,9.6225
142,-0.0826,0.4685,9.4931,0.2715,0.2914,9.4985,0.4659,0.4358,9.472,0.2401,0.7175,9.4148,-0.0083,0.7305,9.5109
143,0.324,0.6099,9.3398,0.6602,0.4145,9.4482,0.9185,0.6203,9.3678,0.6399,0.7945,9.3476,0.3685,0.8584,9.2691
144,0.4833,0.2387,9.4444,0.8761,0.1638,9.3641,1.0928,0.4277,9.4654,0.7181,0.5944,9.3529,0.3591,0.6173,9.3388
145,0.3214,-0.4156,9.6831,0.5422,-0.5326,9.5228,0.752,-0.223,9.7046,0.4223,-0.0269,9.5742,0.0473,-0.0765,9.5841
146,-0.1309,-0.8517,9.8494,0.185,-0.8947,9.8965,0.1746,-0.5861,9.8549,-0.1837,-0.4617,9.818,-0.3821,-0.5734,9.8052
147,-0.6476,-0.8641,10.0343,-0.3365,-0.7795,10.1123,-0.2997,-0.5174,10.0394,-0.5959,-0.4635,10.006,-0.7524,-0.6662,9.9899
148,-0.7617,-0.3558,10.1394,-0.3771,-0.2685,10.0748,-0.4745,-0.0362,10.1525,-0.895,0.0621,10.2012,-1.0329,-0.0097,10.0553
149,-0.5435,0.2282,10.0308,-0.2102,0.3673,9.9675,-0.2256,0.5737,10.014,-0.6115,0.6073,10.0363,-0.8062,0.5382,10.0543
150,-0.0512,0.4647,9.8341,0.2634,0.6914,9.7699,0.1388,0.9066,9.7939,-0.1542,0.9247,9.7598,-0.2501,0.622,9.7783
151,0.4816,0.1762,9.6331,0.717,0.3768,9.6922,0.7267,0.6947,9.5734,0.2788,0.6395,9.6592,0.1932,0.2682,9.6475
152,0.7946,-0.3512,9.5048,1.0094,-0.1395,9.5429,0.8026,0.1388,9.4809,0.4414,0.0024,9.4868,0.4063,-0.3264,9.4875
153,0.688,-0.8173,9.5527,0.8108,-0.5052,9.5797,0.653,-0.3498,9.5817,0.3323,-0.4193,9.5662,0.327,-0.8263,9.561
154,0.2651,-0.8679,9.8502,0.4078,-0.6128,9.6811,0.1505,-0.3861,9.6905,-0.1879,-0.6321,9.7746,-0.0795,-0.8281,9.7272
155,-0.2089,-0.2844,10.0638,-0.1629,-0.0899,10.0179,-0.3326,-0.015,9.909,-0.7109,-0.1856,10.044,-0.6355,-0.5076,9.9791
156,-0.4294,0.2163,10.1904,-0.4568,0.5304,10.2022,-0.7409,0.5865,10.2533,-0.9023,0.346,10.1584,-0.8668,0.1493,10.1416
157,-0.4172,0.5659,10.2457,-0.3919,0.9677,10.2543,-0.6434,0.8193,10.3572,-0.8762,0.6491,10.1832,-0.7218,0.4119,10.2741
158,0.0182,0.3916,10.2683,0.0525,0.8037,10.1594,-0.3049,0.6326,10.1515,-0.4682,0.4028,10.1381,-0.2798,0.2529,10.1664
159,0.6196,-0.0917,9.9692,0.4639,0.1474,9.9731,0.1725,0.1293,10.0023,0.0585,-0.1693,9.9524,0.2555,-0.2411,9.9795
160,0.8877,-0.4496,9.767,0.8993,-0.3336,9.764,0.5717,-0.4956,9.7271,0.3372,-0.8332,9.7725,0.5609,-0.8338,9.7263
161,0.9689,-0.5492,9.604,0.7682,-0.4394,9.5404,0.4412,-0.5827,9.567,0.4239,-0.947,9.667,0.6952,-0.8303,9.6557
162,0.6288,-0.1435,9.6661,0.3727,-0.0955,9.648,-0.0148,-0.2894,9.5919,0.0422,-0.5653,9.6168,0.3096,-0.4259,9.676
163,0.0494,0.5862,9.7883,-0.2796,0.5798,9.8674,-0.5921,0.2104,9.6587,-0.3353,-0.0691,9.7928,-0.1185,0.239,9.8452
164,-0.2851,0.8976,10.0458,-0.6315,0.8373,10.071,-0.9441,0.6052,10.1311,-0.8442,0.4526,10.0808,-0.4569,0.6071,9.9641
165,-0.338,0.8253,10.243,-0.6062,0.7959,10.2218,-0.9384,0.304,10.2472,-0.7318,0.2679,10.2004,-0.3919,0.5326,10.2424
166,-0.0922,0.3295,10.2831,-0.3295,0.1838,10.3531,-0.5336,-0.2493,10.2231,-0.5042,-0.1751,10.3095,-0.2006,0.0753,10.3529
167,0.5153,-0.3446,10.1979,0.1208,-0.4554,10.1457,-0.1515,-0.6793,10.212,0.1755,-0.7376,10.1728,0.4139,-0.4422,10.118
168,0.8832,-0.4173,10.0058,0.4506,-0.6693,9.9747,0.2566,-0.9018,9.9805,0.4403,-0.8099,9.8555,0.9096,-0.6115,10.0872
169,0.9201,-0.1189,9.6744,0.6345,-0.4295,9.7228,0.4389,-0.5571,9.6874,0.6257,-0.4639,9.7443,0.9721,-0.1826,9.7049
170,0.6339,0.472,9.5574,0.1869,0.1578,9.5137,0.178,-0.0011,9.5213,0.4173,0.2211,9.5684,0.679,0.5262,9.5525
171,0.0473,0.8336,9.535,-0.3275,0.5568,9.5113,-0.3656,0.4741,9.6149,0.0111,0.5911,9.5305,0.1438,0.8953,9.502
172,-0.4594,0.7479,9.6343,-0.7533,0.4256,9.6336,-0.7882,0.4095,9.6725,-0.4178,0.59,9.6904,-0.2233,0.8155,9.6819
173,-0.5993,0.2758,9.9265,-0.9898,-0.018,9.907,-0.9088,-0.0321,9.9267,-0.5576,0.1661,9.9093,-0.3856,0.4263,9.9267
174,-0.4739,-0.3993,10.1109,-0.7899,-0.5839,10.1779,-0.7727,-0.6013,10.0682,-0.3118,-0.3716,10.2677,-0.167,-0.1739,10.0415
175,0.0352,-0.7809,10.145,-0.2878,-0.9367,10.2385,-0.0763,-0.8091,10.2497,0.1261,-0.5769,10.1365,0.2841,-0.5084,10.0991
176,0.4216,-0.4347,10.0022,0.1903,-0.6946,10.1021,0.3502,-0.6427,10.1391,0.7112,-0.1968,10.0171,0.7263,-0.2262,9.9849
177,0.6712,0.0489,9.8469,0.3748,-0.1962,9.7672,0.5455,0.0041,9.8372,0.9037,0.2931,9.8729,0.9475,0.3306,9.8401
178,0.457,0.4972,9.6273,0.2791,0.3351,9.5835,0.5912,0.5739,9.5546,0.7407,0.7804,9.5165,0.7969,0.6766,9.6967
179,-0.0432,0.4267,9.36,-0.1501,0.4895,9.3182,0.041,0.671,9.4049,0.4444,0.9358,9.4477,0.4358,0.7084,9.3739
180,-0.5254,0.037,9.4013,-0.675,0.1184,9.3311,-0.3168,0.269,9.3752,-0.0593,0.4813,9.4269,-0.2194,0.2914,9.455
181,-0.87,-0.5924,9.5761,-0.9647,-0.5833,9.4443,-0.7378,-0.331,9.4602,-0.4099,-0.1403,9.5359,-0.588,-0.3403,9.4994
182,-0.7733,-0.931,9.6859,-0.7705,-0.9225,9.7284,-0.5759,-0.5043,9.6852,-0.3359,-0.4993,9.7791,-0.463,-0.6908,9.7719
183,-0.4763,-0.6872,9.835,-0.2919,-0.5958,9.9555,-0.076,-0.3459,9.9332,0.1075,-0.3723,9.9785,-0.0607,-0.5556,9.925
184,0.0515,-0.2302,9.9591,0.1514,-0.0263,10.0454,0.6022,0.2617,10.0439,0.5663,0.2618,10.1698,0.4081,-0.0645,9.9715
185,0.3961,0.2719,9.9144,0.4467,0.5481,9.9227,0.8077,0.8211,9.9871,0.9877,0.7671,10.023,0.6155,0.4287,9.958
186,0.3296,0.4424,9.7358,0.4789,0.7464,9.7428,0.7695,0.9499,9.6484,0.9465,0.7575,9.7987,0.5704,0.4203,9.7322
187,-0.006,0.095,9.5924,0.1002,0.4739,9.4833,0.5076,0.5694,9.629,0.478,0.3568,9.5086,0.2283,0.1412,9.5515
188,-0.4783,-0.5398,9.2978,-0.2457,-0.1658,9.49,0.0215,-0.0252,9.3004,-0.0174,-0.3432,9.3641,-0.3734,-0.4712,9.3965
189,-0.9488,-0.7585,9.2585,-0.6959,-0.4654,9.3033,-0.2841,-0.3632,9.3753,-0.3628,-0.6583,9.3078,-0.7979,-0.9215,9.2892
190,-0.9802,-0.6426,9.5597,-0.5785,-0.3925,9.3997,-0.446,-0.3664,9.3978,-0.4729,-0.6162,9.4895,-0.8868,-0.7428,9.3451
191,-0.638,-0.0761,9.6673,-0.2776,0.178,9.6922,0.015,0.16,9.5996,-0.2238,-0.1277,9.6387,-0.564,-0.2793,9.5515
192,0.0068,0.5343,9.9418,0.1808,0.7538,9.9343,0.4423,0.6862,9.9366,0.2617,0.3356,9.9193,-0.0221,0.2521,9.8445
193,0.3939,0.6423,10.0821,0.7351,0.9945,10.0511,0.8842,0.8138,10.0171,0.7163,0.5561,9.9943,0.4263,0.468,9.9196
194,0.4562,0.4645,9.9496,0.8504,0.6236,9.9595,0.9707,0.5153,9.9539,0.6979,0.2006,9.9793,0.4542,0.2314,10.0683
195,0.2181,-0.0192,9.923,0.4957,-0.0746,9.917,0.675,-0.2994,9.8431,0.43,-0.5357,9.8024,0.1373,-0.2733,9.8445
196,-0.2818,-0.4677,9.6339,0.0969,-0.3635,9.5075,0.1417,-0.7284,9.5941,-0.0588,-0.9465,9.6024,-0.2789,-0.7386,9.5997
197,-0.557,-0.4296,9.4177,-0.256,-0.2579,9.4793,-0.2084,-0.7354,9.4267,-0.6697,-0.8623,9.4978,-0.8482,-0.6676,9.5114
198,-0.7716,0.0941,9.5321,-0.3519,0.0818,9.5069,-0.396,-0.3578,9.4225,-0.7842,-0.3462,9.4094,-0.9783,-0.2139,9.5676
199,-0.5199,0.7248,9.5845,-0.2479,0.6128,9.5065,-0.2494,0.2952,9.5293,-0.5909,0.2391,9.6524,-0.786,0.5604,9.6383
200,0.0367,0.9944,9.7935,0.3068,0.7742,9.7153,0.1616,0.5587,9.8247,-0.1612,0.5273,9.8137,-0.2905,0.7714,9.8057
201,0.4628,0.7426,10.1321,0.8161,0.4181,10.0035,0.5906,0.2776,10.0075,0.2217,0.291,10.0379,0.1319,0.5214,9.9811
202,0.7991,0.1414,10.2226,1.0173,-0.1604,10.2346,0.6971,-0.4076,10.2282,0.5593,-0.2224,10.1933,0.4755,-0.0401,10.2166
203,0.6013,-0.3098,10.1295,0.8436,-0.7026,10.2554,0.6518,-0.9725,10.1781,0.3102,-0.6806,10.1396,0.2437,-0.3955,10.2264
204,0.2132,-0.4822,10.0676,0.4067,-0.7706,10.0844,0.2001,-0.8697,9.9257,-0.1865,-0.708,10.1025,-0.0846,-0.3937,9.986
205,-0.2392,-0.0921,9.8011,-0.1159,-0.3243,9.7512,-0.3517,-0.4213,9.803,-0.7213,-0.2307,9.7208,-0.5796,-0.049,9.817
206,-0.477,0.4783,9.6495,-0.3065,0.1891,9.6834,-0.7575,0.1965,9.5483,-0.9353,0.4249,9.6165,-0.8876,0.6005,9.5722
207,-0.3729,0.8051,9.6377,-0.2645,0.509,9.5511,-0.6451,0.5149,9.581,-0.9036,0.86,9.6191,-0.7611,0.8845,9.6223
208,0.074,0.5712,9.7368,0.0139,0.2118,9.6497,-0.2984,0.3249,9.7036,-0.4768,0.6318,9.675,-0.3331,0.7065,9.6904
209,0.5677,-0.0779,9.8107,0.5453,-0.2881,9.8787,0.2255,-0.1402,9.9399,0.0341,0.1795,9.903,0.3316,0.2069,9.8989
210,0.8841,-0.6484,10.2124,0.781,-0.8181,10.2138,0.472,-0.6546,10.0805,0.3014,-0.3138,10.1349,0.7046,-0.4144,10.0991
211,1.0709,-0.8215,10.357,0.8403,-0.9043,10.2603,0.4773,-0.7563,10.2677,0.3565,-0.4776,10.2273,0.6958,-0.498,10.3589
212,0.6019,-0.5293,10.325,0.3847,-0.4967,10.2821,-0.073,-0.3496,10.2391,-0.0406,-0.1477,10.2746,0.4074,-0.1695,10.2769
213,0.0666,0.243,10.0003,-0.1565,0.0951,10.1099,-0.5227,0.474,10.0639,-0.5443,0.6371,10.089,-0.14,0.4019,10.108
214,-0.2997,0.4511,9.881,-0.4988,0.4882,9.861,-0.9111,0.7631,9.909,-0.8382,1.01,9.8959,-0.4663,0.7444,9.9056
215,-0.2966,0.3229,9.6273,-0.6658,0.4433,9.6887,-0.9903,0.7303,9.6537,-0.7641,0.8005,9.6725,-0.442,0.5218,9.6325
216,-0.0117,-0.1769,9.591,-0.4101,-0.1271,9.5322,-0.6367,0.261,9.6228,-0.4286,0.2601,9.5086,-0.1291,-0.0045,9.6235
217,0.3606,-0.6745,9.6553,0.1064,-0.5611,9.6116,-0.1242,-0.2519,9.6068,-0.0286,-0.2212,9.7179,0.3798,-0.6576,9.6141
218,0.8063,-0.9205,9.8982,0.515,-0.6821,9.8808,0.2992,-0.4389,9.8398,0.4512,-0.5289,9.9493,0.8903,-0.7642,9.9296
219,0.8029,-0.5519,10.0722,0.5676,-0.3229,10.1078,0.4575,-0.1365,10.0819,0.6508,-0.3028,10.0384,1.0399,-0.6195,10.0481
220,0.4969,0.0613,10.2963,0.2509,0.2378,10.193,0.1344,0.4364,10.2955,0.3032,0.3208,10.2858,0.6708,0.0032,10.1615
221,0.0218,0.4296,10.28,-0.2675,0.7836,10.1383,-0.3261,0.8853,10.2624,-0.0769,0.589,10.1305,0.3601,0.4049,10.1627
222,-0.463,0.4646,10.127,-0.7416,0.8071,10.0343,-0.793,0.7699,10.0626,-0.4579,0.5824,10.019,-0.2954,0.4632,9.8927
223,-0.6283,0.0699,9.7125,-0.9256,0.3417,9.8,-0.8905,0.3325,9.8037,-0.629,0.1099,9.7866,-0.3959,-0.1563,9.7261
224,-0.5316,-0.4524,9.6028,-0.7422,-0.2238,9.6623,-0.61,-0.3608,9.5483,-0.3481,-0.6181,9.575,-0.2265,-0.7151,9.6083
225,-0.0557,-0.7326,9.4956,-0.3328,-0.5064,9.4337,-0.0437,-0.5331,9.5785,0.1782,-0.8916,9.5437,0.2554,-0.9235,9.4152
226,0.3999,-0.3469,9.4938,0.1232,-0.1817,9.6125,0.2802,-0.2451,9.5007,0.7783,-0.6046,9.5695,0.79,-0.6767,9.4785
227,0.671,0.1386,9.6611,0.4175,0.4006,9.6736,0.5078,0.2079,9.6872,0.9837,-0.0827,9.6418,0.9391,0.0194,9.7388
228,0.4358,0.6943,9.866,0.2756,0.8325,9.9588,0.4472,0.6623,9.9766,0.7223,0.3969,9.96,0.8687,0.4576,9.9413
229,-0.1284,0.8687,10.0247,-0.208,0.9154,9.997,0.1034,0.6145,10.0165,0.3774,0.4104,10.1168,0.2815,0.4949,10.0424
230,-0.6333,0.389,9.9915,-0.7588,0.3334,10.064,-0.469,0.2293,10.061,-0.1179,0.0488,10.0579,-0.1851,0.1731,9.9966
231,-0.8876,-0.1372,9.8514,-0.9411,-0.2066,9.8609,-0.7382,-0.4502,9.8414,-0.4007,-0.5991,9.8913,-0.5454,-0.4863,9.8871
232,-0.8957,-0.4633,9.6408,-0.8858,-0.6043,9.596,-0.5151,-0.9332,9.67,-0.2977,-0.9713,9.6908,-0.6045,-0.6479,9.6181
233,-0.4343,-0.2449,9.4032,-0.3749,-0.3797,9.4413,-0.0844,-0.6366,9.3885,0.0809,-0.7899,9.3659,-0.1743,-0.5093,9.428
234,0.0453,0.3177,9.3845,0.114,0.0459,9.355,0.4269,-0.1131,9.3529,0.6077,-0.1355,9.3198,0.3837,0.1449,9.3296
235,0.3772,0.7951,9.4009,0.5257,0.5872,9.3963,0.7451,0.3231,9.2753,0.9751,0.4271,9.3238,0.5635,0.618,9.4308
236,0.3583,0.8136,9.5987,0.426,0.6611,9.5739,0.8078,0.4095,9.5896,0.8525,0.5575,9.5352,0.6441,0.8626,9.6379
237,-0.0221,0.5403,9.8717,0.1434,0.2323,9.8113,0.4908,0.0015,9.8156,0.5746,0.2884,9.8179,0.1659,0.4049,9.8176
238,-0.6519,-0.2171,10.0101,-0.3579,-0.5333,10.0842,-0.0008,-0.4728,9.9267,0.0201,-0.274,9.9966,-0.4097,-0.0871,10.0043
239,-0.9292,-0.5499,9.9911,-0.6389,-0.9146,10.017,-0.3784,-0.8837,9.9785,-0.4091,-0.6584,10.0799,-0.7437,-0.4266,9.9819
240,-1.0062,-0.5425,9.8046,-0.6153,-0.803,9.8841,-0.4145,-0.7586,9.9065,-0.4972,-0.5398,9.9024,-0.8538,-0.3351,9.9061
241,-0.5048,0.0045,9.6862,-0.2601,-0.2491,9.6245,-0.1554,-0.2607,9.67,-0.2392,0.1056,9.7183,-0.5235,0.1058,9.6325
242,-0.098,0.571,9.4133,0.2357,0.2565,9.4842,0.4969,0.3309,9.4441,0.3037,0.7104,9.3915,-0.0855,0.7786,9.4464
243,0.38,0.6802,9.367,0.6536,0.4368,9.3847,0.8741,0.6057,9.3047,0.6302,0.9433,9.3727,0.2978,1.0055,9.2915
244,0.4585,0.3021,9.4358,0.8599,0.1809,9.354,1.0469,0.3038,9.4175,0.8111,0.6246,9.3955,0.4161,0.5773,9.4372
245,0.275,-0.3014,9.5068,0.6852,-0.4798,9.6202,0.6864,-0.1521,9.6215,0.4482,0.1125,9.5839,0.1449,-0.0031,9.6369
246,-0.2252,-0.7969,9.8421,0.1178,-0.8546,9.7354,0.2338,-0.6278,9.9259,-0.1532,-0.391,9.9001,-0.391,-0.5446,9.8858
247,-0.5605,-0.8477,10.0061,-0.3161,-0.7338,10.0004,-0.2747,-0.6131,10.0258,-0.6221,-0.4013,10.0566,-0.7709,-0.5135,10.0259
248,-0.7297,-0.4527,10.1404,-0.5496,-0.2511,10.1762,-0.427,0.0426,10.1396,-0.8122,0.1715,10.0741,-1.0457,-0.1664,10.0583
249,-0.5028,0.1795,10.0436,-0.2141,0.3032,10.1429,-0.1985,0.7557,9.9902,-0.618,0.6947,9.9695,-0.7117,0.3968,10.0747
250,0.0508,0.4155,9.8331,0.2524,0.6169,9.7719,0.2263,0.8663,9.8668,-0.1665,0.9113,9.8076,-0.2585,0.6555,9.7978
251,0.5174,0.1501,9.6704,0.724,0.3942,9.6471,0.6578,0.5821,9.6657,0.3119,0.6338,9.5681,0.0942,0.4067,9.6138
252,0.7599,-0.3945,9.4313,0.9644,-0.0877,9.529,0.8168,0.1088,9.4164,0.4427,0.0486,9.5349,0.5052,-0.3144,9.4288
253,0.6132,-0.7232,9.5756,0.8027,-0.5005,9.595,0.6414,-0.3955,9.4862,0.2744,-0.5427,9.645,0.3782,-0.7865,9.4711
254,0.2127,-0.84,9.7689,0.406,-0.5889,9.6629,0.1264,-0.3378,9.7111,-0.1998,-0.6334,9.8035,-0.039,-0.7954,9.7941
255,-0.2197,-0.358,9.9624,-0.0847,-0.0322,9.9952,-0.4464,-0.0337,9.9908,-0.748,-0.1978,9.9919,-0.5839,-0.451,10.0257
256,-0.4847,0.3122,10.1938,-0.4738,0.4598,10.1701,-0.7611,0.603,10.2097,-1.0816,0.3262,10.202,-0.8352,0.1356,10.1947
257,-0.3513,0.533,10.3384,-0.3318,0.8929,10.3127,-0.6041,0.8297,10.2718,-0.8643,0.6191,10.3316,-0.667,0.4768,10.2267
258,0.1209,0.4573,10.2457,0.0421,0.6847,10.202,-0.2175,0.6749,10.2212,-0.5102,0.4169,10.1454,-0.2425,0.154,10.2088
259,0.6144,-0.0862,9.9587,0.5931,0.1963,9.9455,0.2471,0.0293,9.9069,0.0151,-0.2575,9.989,0.342,-0.2746,9.9974
260,0.9003,-0.5341,9.6899,0.8794,-0.3297,9.7136,0.471,-0.449,9.7525,0.371,-0.7633,9.711,0.6621,-0.8029,9.7163
261,0.9277,-0.5123,9.5587,0.6933,-0.4279,9.6629,0.3897,-0.6318,9.6739,0.3734,-0.9121,9.6193,0.6737,-0.8726,9.6097
262,0.612,-0.1236,9.6135,0.3588,-0.0543,9.6079,0.0241,-0.3337,9.6681,-0.0174,-0.4448,9.6892,0.3492,-0.4716,9.6505
263,0.0267,0.455,9.7821,-0.1871,0.3984,9.8314,-0.6162,0.2614,9.782,-0.4378,0.034,9.8365,-0.2014,0.269,9.8784
264,-0.3117,0.9389,10.0617,-0.6394,0.7916,10.0492,-0.9779,0.5247,10.1018,-0.7873,0.4181,10.1716,-0.4373,0.5365,10.0814
265,-0.4527,0.7642,10.1145,-0.637,0.6762,10.2373,-0.877,0.3847,10.1601,-0.8626,0.249,10.174,-0.5383,0.6353,10.1615
266,-0.1282,0.3241,10.2138,-0.3243,0.1632,10.329,-0.689,-0.0327,10.3408,-0.4169,-0.0764,10.2666,-0.1185,0.0318,10.3233
267,0.3305,-0.2849,10.1205,0.1362,-0.4176,10.2421,-0.2046,-0.7512,10.1635,0.0547,-0.821,10.3012,0.3597,-0.3858,10.3351
268,0.7754,-0.3995,9.956,0.4338,-0.6459,9.9268,0.3301,-0.8709,9.9973,0.5101,-0.7709,9.9758,0.8849,-0.5265,9.9648
269,0.9287,-0.1371,9.6927,0.544,-0.4209,9.7771,0.4362,-0.6528,9.7091,0.6719,-0.4977,9.7139,0.9701,-0.2013,9.7246
270,0.6142,0.3516,9.6679,0.2168,0.105,9.5999,0.1149,0.0065,9.64,0.402,0.1498,9.5837,0.6219,0.3841,9.6185
271,0.0345,0.8151,9.5908,-0.2041,0.4956,9.5829,-0.314,0.4107,9.5205,-0.1024,0.6718,9.6038,0.1448,0.8647,9.5141
272,-0.474,0.764,9.7292,-0.745,0.3956,9.6983,-0.7203,0.3611,9.7439,-0.5632,0.6446,9.6887,-0.3187,0.819,9.7067
273,-0.6628,0.1936,9.9541,-0.8798,-0.1147,10.0229,-0.997,-0.0372,9.913,-0.5441,0.2217,9.971,-0.4189,0.3982,9.9178
274,-0.3777,-0.3865,10.0595,-0.7849,-0.6411,10.0928,-0.7096,-0.6345,10.1522,-0.255,-0.3663,10.1007,-0.1529,-0.1536,10.1285
275,-0.0636,-0.7187,10.194,-0.2489,-0.9629,10.1943,-0.2086,-0.8601,10.2245,0.1601,-0.5594,10.121,0.2905,-0.4583,10.1581
276,0.4259,-0.4414,10.016,0.2109,-0.7478,10.0017,0.3208,-0.5273,10.1404,0.6433,-0.2475,10.1327,0.6951,-0.2501,10.049
277,0.6913,0.0487,9.7006,0.3972,-0.1663,9.8467,0.562,0.0887,9.8982,0.9033,0.3215,9.7793,0.7899,0.2876,9.9269
278,0.5232,0.4212,9.5822,0.2356,0.2861,9.5265,0.3705,0.6096,9.5347,0.8165,0.8227,9.5231,0.7725,0.8334,9.575
279,0.0796,0.4515,9.4978,-0.2774,0.475,9.3643,0.0875,0.6705,9.3436,0.3732,0.9099,9.3876,0.2855,0.8312,9.4362
280,-0.5791,0.0037,9.3835,-0.5887,0.0531,9.3598,-0.3396,0.3834,9.4377,-0.1362,0.3914,9.4211,-0.3694,0.2848,9.4092
281,-0.8526,-0.5389,9.5585,-0.9803,-0.516,9.5977,-0.6566,-0.2368,9.6318,-0.3872,-0.0804,9.5981,-0.476,-0.4026,9.481
282,-0.8581,-0.9698,9.7096,-0.9056,-0.8695,9.7231,-0.5178,-0.6278,9.7563,-0.2536,-0.4502,9.7977,-0.5964,-0.7491,9.6862
283,-0.4161,-0.7688,10.0029,-0.4315,-0.5993,9.8695,-0.0754,-0.2744,10.0534,0.0379,-0.2787,9.957,-0.0685,-0.4961,10.0985
284,0.0369,-0.1973,9.9317,0.16,0.0793,10.021,0.4831,0.2927,10.1128,0.6235,0.254,9.981,0.2679,-0.1398,10.0676
285,0.4149,0.3442,9.9109,0.4446,0.5195,10.0272,0.8073,0.856,9.9406,0.9771,0.8047,9.8584,0.6877,0.4225,10.0009
286,0.2939,0.4734,9.7586,0.4447,0.8315,9.8089,0.8243,0.9557,9.7918,0.8754,0.7199,9.7778,0.6252,0.5614,9.7685
287,0.0024,0.0947,9.5512,0.1609,0.4111,9.5524,0.5026,0.5808,9.5135,0.4398,0.3735,9.5363,0.2219,0.0984,9.5176
288,-0.538,-0.4561,9.3826,-0.2738,-0.1223,9.2843,-0.0021,-0.0372,9.3988,-0.0249,-0.3209,9.4166,-0.3804,-0.4595,9.3043
289,-0.9063,-0.8122,9.33,-0.7337,-0.5472,9.3104,-0.4371,-0.4067,9.3513,-0.3825,-0.7517,9.2754,-0.7411,-0.9614,9.3552
290,-0.9896,-0.686,9.4527,-0.6701,-0.3578,9.4851,-0.3354,-0.4209,9.486,-0.4375,-0.599,9.5043,-0.7924,-0.8236,9.4505
291,-0.5891,-0.0516,9.7045,-0.3877,0.1859,9.6909,-0.0227,0.1457,9.7347,-0.1677,-0.1831,9.7471,-0.5175,-0.2769,9.6871
292,-0.2032,0.5983,9.981,0.2575,0.7058,10.0046,0.423,0.6692,9.9356,0.3041,0.4147,9.9511,-0.0951,0.3466,9.8654
293,0.414,0.7388,10.0544,0.666,0.9554,10.0517,0.8629,0.8333,9.9543,0.6524,0.5173,9.9952,0.3685,0.3917,10.0953
294,0.4682,0.4801,9.9555,0.7398,0.5205,9.9965,0.9096,0.4399,10.0607,0.7181,0.1773,10.0583,0.4037,0.2245,10.0362
295,0.1722,-0.0352,9.8584,0.5454,0.0764,9.7945,0.6878,-0.2686,9.7518,0.3681,-0.3803,9.8255,0.1271,-0.3968,9.8396
296,-0.3179,-0.5394,9.6173,0.0496,-0.4625,9.5831,0.2483,-0.7448,9.5379,-0.0699,-0.883,9.5966,-0.4548,-0.7106,9.5672
297,-0.6793,-0.4455,9.4321,-0.21,-0.3694,9.4123,-0.3005,-0.7079,9.3727,-0.5806,-0.8849,9.4576,-0.7724,-0.7477,9.4441
298,-0.7798,0.0948,9.4502,-0.5597,0.0167,9.3784,-0.4911,-0.2521,9.4374,-0.9242,-0.3194,9.4717,-1.0382,-0.105,9.4195
299,-0.4701,0.7548,9.5292,-0.1813,0.5716,9.5898,-0.2286,0.2622,9.4456,-0.6689,0.2183,9.5948,-0.7991,0.5746,9.4787
300,-0.0078,0.9192,9.8243,0.2342,0.7645,9.8401,0.1564,0.4736,9.7691,-0.1704,0.5337,9.82,-0.3369,0.7989,9.9247
301,0.4119,0.602,10.024,0.7677,0.5595,10.018,0.6679,0.1246,9.9906,0.2787,0.2597,10.0628,0.1402,0.5529,10.1202
302,0.7831,0.0624,10.209,0.9551,-0.1528,10.145,0.7418,-0.2794,10.2433,0.3863,-0.2468,10.2042,0.4289,-0.034,10.2041
303,0.6282,-0.4115,10.1579,0.867,-0.6251,10.1912,0.6405,-0.9273,10.1718,0.2523,-0.717,10.2229,0.2166,-0.4109,10.224
304,0.2603,-0.4524,10.0118,0.353,-0.7524,9.9374,0.1099,-0.8791,9.9714,-0.1292,-0.706,10.06,-0.1909,-0.4227,10.1221
305,-0.2261,-0.0234,9.7099,-0.0816,-0.3582,9.7622,-0.3927,-0.4388,9.8094,-0.6342,-0.1535,9.7862,-0.6234,0.0047,9.7845
306,-0.3941,0.4892,9.5968,-0.4708,0.1899,9.6674,-0.8046,0.1411,9.6459,-0.9295,0.3539,9.509,-0.8227,0.6473,9.6407
307,-0.3884,0.703,9.6594,-0.2789,0.5239,9.584,-0.6565,0.6394,9.5834,-0.8976,0.8187,9.6921,-0.6028,0.9656,9.641
308,0.1429,0.4964,9.6691,0.0936,0.3625,9.664,-0.3438,0.3009,9.5861,-0.5003,0.6427,9.7749,-0.2296,0.7327,9.6474
309,0.6033,-0.1215,9.85,0.5298,-0.2571,9.8951,0.1733,-0.0884,9.9104,-0.0211,0.2056,9.9408,0.2727,0.2119,9.9027
310,0.949,-0.643,10.1444,0.7969,-0.8073,10.1468,0.4517,-0.5971,10.2003,0.4699,-0.3232,10.2114,0.6201,-0.3501,10.1336
311,0.8673,-0.6424,10.261,0.7848,-0.9414,10.2741,0.4426,-0.7086,10.1964,0.366,-0.5028,10.2415,0.7045,-0.5143,10.339
312,0.5251,-0.4496,10.3618,0.4744,-0.5236,10.3755,0.0187,-0.3082,10.2912,-0.0195,-0.1261,10.1784,0.3866,-0.1885,10.3173
313,0.0523,0.0865,10.1249,-0.1214,0.1154,10.1157,-0.4314,0.381,10.0854,-0.4913,0.5439,10.1153,-0.1943,0.4652,10.1792
314,-0.2992,0.4822,9.8314,-0.5396,0.4799,9.8851,-0.9048,0.7401,9.8018,-0.7546,0.8992,9.8454,-0.4782,0.7099,9.8231
315,-0.406,0.304,9.7354,-0.6509,0.4438,9.7014,-0.8928,0.7007,9.5472,-0.8264,0.9087,9.6492,-0.4694,0.5892,9.672
316,-0.1445,-0.1449,9.5617,-0.3465,0.0154,9.5435,-0.5973,0.1531,9.6332,-0.5228,0.2993,9.5892,-0.0724,-0.0548,9.6974
317,0.4271,-0.7279,9.6009,0.0338,-0.5537,9.7078,-0.2063,-0.3041,9.6794,0.0788,-0.3773,9.6822,0.2964,-0.57,9.7009
318,0.8723,-0.8071,9.891,0.5193,-0.6898,9.8732,0.2662,-0.4186,9.9086,0.4626,-0.5656,9.903,0.8887,-0.8219,9.9357
319,0.8732,-0.6323,10.0938,0.6779,-0.314,10.0631,0.3763,-0.1456,10.1593,0.6573,-0.2241,10.1215,0.9487,-0.4936,10.0925
320,0.6656,-0.0267,10.3503,0.2039,0.3688,10.1666,0.1272,0.528,10.3044,0.4536,0.2733,10.2897,0.7182,0.0698,10.2457
321,0.046,0.5231,10.1941,-0.3107,0.7998,10.2659,-0.2706,0.8598,10.1823,-0.04,0.7587,10.2142,0.1761,0.298,10.236
322,-0.4065,0.4243,10.0373,-0.7893,0.7265,10.0221,-0.725,0.8876,9.9504,-0.4889,0.5223,10.0206,-0.2708,0.5356,10.0064
323,-0.669,0.0439,9.736,-0.933,0.3342,9.7819,-0.9177,0.4297,9.7297,-0.655,0.1565,9.7569,-0.4118,-0.1591,9.7126
324,-0.4125,-0.4503,9.5308,-0.7696,-0.2764,9.5903,-0.7353,-0.2684,9.5461,-0.3371,-0.5953,9.5487,-0.1562,-0.6427,9.5535
325,0.0074,-0.733,9.4219,-0.2961,-0.5389,9.4412,-0.133,-0.4785,9.3965,0.2006,-0.8077,9.4405,0.3436,-0.8705,9.3401
326,0.5296,-0.3684,9.5253,0.19,-0.2132,9.529,0.2999,-0.3695,9.5522,0.6875,-0.6253,9.5694,0.7466,-0.6439,9.5328
327,0.6107,0.1883,9.71,0.4361,0.4512,9.74,0.4908,0.1749,9.7069,0.9452,-0.1066,9.6791,0.9078,-0.0526,9.7065
328,0.4415,0.7359,9.9474,0.2762,0.8271,9.8957,0.4655,0.5429,9.9039,0.8069,0.3943,9.9469,0.7654,0.4591,9.959
329,-0.1097,0.8198,10.0296,-0.1674,0.8237,10.1146,0.0514,0.6655,9.991,0.3991,0.4108,10.0392,0.2628,0.4965,10.025
330,-0.5509,0.349,10.1392,-0.705,0.3513,10.0751,-0.5086,0.1338,10.0003,-0.1003,-0.0906,10.0988,-0.2634,0.09,10.0181
331,-0.9335,-0.0954,9.8397,-1.051,-0.172,9.9273,-0.5971,-0.5297,9.7698,-0.4155,-0.5731,9.8456,-0.5536,-0.4319,9.9159
332,-0.7845,-0.4807,9.6514,-0.8127,-0.5978,9.6073,-0.5258,-0.8362,9.6678,-0.1846,-0.8067,9.6393,-0.4692,-0.7717,9.6849
333,-0.4453,-0.2972,9.5043,-0.3829,-0.461,9.3658,-0.0849,-0.7084,9.3905,0.0882,-0.6931,9.3851,-0.0823,-0.454,9.4487
334,0.0879,0.3011,9.3095,0.1408,0.1311,9.3365,0.4723,-0.2358,9.3082,0.6395,-0.0052,9.3748,0.4579,0.1964,9.2765
335,0.4351,0.8087,9.3187,0.5139,0.569,9.381,0.8877,0.3481,9.4235,0.9426,0.3694,9.4073,0.6989,0.8621,9.3091
336,0.3639,0.9945,9.5852,0.5433,0.6241,9.5044,0.7941,0.4363,9.4854,0.9641,0.5222,9.6006,0.6104,0.8871,9.5695
337,-0.0158,0.4584,9.7829,0.1845,0.2567,9.8474,0.4558,-0.0148,9.8764,0.5192,0.2919,9.8334,0.2129,0.4872,9.8018
338,-0.5655,-0.1783,9.9893,-0.3682,-0.3526,9.939,-0.0323,-0.4384,9.9764,-0.0053,-0.2412,9.9818,-0.3918,-0.0827,10.022
339,-0.8385,-0.4954,9.9543,-0.6985,-0.8254,9.9727,-0.3914,-0.865,10.0727,-0.5483,-0.6627,9.9592,-0.8691,-0.4129,10.0236
340,-0.9804,-0.4412,9.9057,-0.7089,-0.7309,9.8152,-0.3029,-0.7758,9.8048,-0.5175,-0.455,9.8628,-0.834,-0.2943,9.8762
341,-0.6377,0.0273,9.5984,-0.2969,-0.3245,9.7372,-0.0181,-0.2465,9.7124,-0.1982,-0.0177,9.5931,-0.5089,0.2802,9.5857
342,-0.0808,0.4531,9.4077,0.2532,0.2647,9.4406,0.4393,0.3594,9.5489,0.2717,0.7113,9.4802,-0.1128,0.6616,9.3175
343,0.2984,0.7345,9.3017,0.7213,0.5165,9.3605,0.8789,0.5682,9.3088,0.7409,0.9187,9.3523,0.4179,0.9877,9.3205
344,0.4517,0.2187,9.3949,0.8379,0.1861,9.3901,1.073,0.3504,9.4205,0.6637,0.5583,9.4672,0.3745,0.5673,9.3788
345,0.1868,-0.3596,9.661,0.5664,-0.4487,9.6286,0.775,-0.1622,9.6611,0.5033,0.0206,9.5603,0.1556,-0.0529,9.6406
346,-0.2447,-0.7497,9.8333,0.1231,-0.8897,9.8798,0.1793,-0.6239,9.9183,-0.1493,-0.4049,9.8354,-0.3807,-0.609,9.8266
347,-0.6067,-0.7532,10.0402,-0.266,-0.7643,10.0291,-0.2301,-0.601,9.9864,-0.5943,-0.36,10.0586,-0.8393,-0.5375,10.0701
348,-0.83,-0.2918,10.1555,-0.485,-0.3013,10.1189,-0.4607,0.1481,10.0935,-0.842,0.0965,10.0665,-0.9361,-0.1657,10.1446
349,-0.4734,0.2655,10.0154,-0.2594,0.2726,10.0008,-0.2737,0.6961,9.9946,-0.6527,0.6398,10.0381,-0.8417,0.3797,10.009
350,-0.0347,0.4002,9.8068,0.305,0.4848,9.8368,0.1247,0.8611,9.7363,-0.2004,0.9005,9.7966,-0.2808,0.6188,9.8227
351,0.5072,0.2435,9.5849,0.7627,0.4306,9.7106,0.6724,0.6903,9.6622,0.1493,0.5005,9.626,0.2172,0.3849,9.6277
352,0.7906,-0.3241,9.5587,1.036,-0.2063,9.4491,0.846,0.1017,9.4634,0.3882,-0.0289,9.4512,0.3784,-0.2941,9.5557
353,0.6556,-0.8751,9.6268,0.8236,-0.5047,9.5298,0.589,-0.3881,9.51,0.259,-0.5399,9.5572,0.3095,-0.8216,9.5015
354,0.262,-0.7855,9.6777,0.4202,-0.6206,9.6926,0.0645,-0.4055,9.7988,-0.2835,-0.5462,9.8023,-0.0767,-0.8427,9.6974
355,-0.2645,-0.354,10.0166,-0.1291,-0.1234,10.022,-0.3845,0.0362,9.9813,-0.6757,-0.2424,10.115,-0.5612,-0.4324,9.9802
356,-0.6207,0.2277,10.2168,-0.352,0.5344,10.2457,-0.841,0.6499,10.0996,-0.9532,0.3189,10.1646,-0.7826,0.0994,10.2673
357,-0.3955,0.5606,10.1813,-0.3407,0.8529,10.2206,-0.6888,0.8789,10.2028,-0.8704,0.6054,10.2349,-0.6912,0.4298,10.2796
358,0.1022,0.4547,10.1721,0.0524,0.7868,10.2564,-0.2293,0.7017,10.1237,-0.4274,0.3653,10.2121,-0.1876,0.2185,10.1238
359,0.563,0.0324,10.0789,0.4694,0.2709,9.9416,0.1709,0.1462,9.9613,0.0686,-0.2125,9.9083,0.2827,-0.2804,9.9478
360,0.9708,-0.4677,9.7652,0.8387,-0.2457,9.7966,0.5035,-0.5237,9.6747,0.245,-0.8227,9.6899,0.6852,-0.721,9.7918
361,0.8336,-0.4538,9.5533,0.7931,-0.4907,9.6093,0.4629,-0.6434,9.5144,0.4,-0.9762,9.6189,0.6636,-0.9317,9.5459
362,0.5528,-0.1368,9.6675,0.2517,0.0366,9.594,0.012,-0.3447,9.654,-0.0715,-0.4846,9.6193,0.3134,-0.4772,9.6486
363,0.0499,0.443,9.7764,-0.1309,0.5487,9.8383,-0.6498,0.2416,9.8799,-0.4749,0.0789,9.7312,-0.1663,0.2634,9.8052
364,-0.2895,0.9143,10.05,-0.619,0.8615,9.9845,-0.9408,0.6093,10.0883,-0.8545,0.4098,10.043,-0.497,0.647,10.0711
365,-0.3815,0.8234,10.2371,-0.6692,0.6625,10.2173,-0.9192,0.482,10.1738,-0.7653,0.3426,10.2954,-0.4882,0.5522,10.2941
366,-0.1707,0.4059,10.2414,-0.3438,0.1583,10.3803,-0.5237,-0.1085,10.3213,-0.5203,-0.0905,10.2565,-0.1431,0.0945,10.3175
367,0.421,-0.1902,10.1734,0.0849,-0.4441,10.1942,-0.1538,-0.7221,10.1508,0.0805,-0.6839,10.1591,0.4114,-0.4087,10.1922
368,0.8132,-0.4347,9.9669,0.4864,-0.7184,9.9635,0.2439,-0.9864,9.9952,0.5076,-0.8582,10.0486,0.8312,-0.5516,10.0125
369,1.0487,-0.2252,9.7043,0.5944,-0.3945,9.7851,0.4309,-0.6033,9.6647,0.628,-0.4397,9.7801,1.0299,-0.2475,9.6414
370,0.5951,0.4075,9.5768,0.1684,0.1962,9.606,0.1087,-0.0923,9.5203,0.3963,0.0954,9.4957,0.7035,0.4838,9.5053
371,0.1345,0.7996,9.5376,-0.2092,0.4815,9.5913,-0.3442,0.3752,9.6707,0.0214,0.5616,9.5421,0.2054,0.921,9.5259
372,-0.4411,0.7524,9.7247,-0.7832,0.4633,9.6852,-0.7643,0.2665,9.7126,-0.4836,0.63,9.7553,-0.2892,0.8502,9.7277
373,-0.6279,0.2582,9.9113,-0.9889,-0.0554,10.006,-0.9872,0.0223,9.9247,-0.5852,0.2264,9.8467,-0.4704,0.4012,9.9658
374,-0.3715,-0.3091,10.0643,-0.7186,-0.6841,10.1465,-0.6927,-0.673,10.0809,-0.3896,-0.3393,10.1811,-0.1031,-0.2254,10.1418
375,-0.007,-0.8037,10.1368,-0.3184,-0.9559,10.2021,-0.2174,-0.888,10.1387,0.2802,-0.5358,10.0941,0.2977,-0.4661,10.2248
376,0.4484,-0.5316,10.0403,0.1846,-0.7558,10.0437,0.359,-0.6241,10.0838,0.715,-0.2644,10.0995,0.7458,-0.1318,10.1258
377,0.5781,0.1291,9.8865,0.3832,-0.1168,9.822,0.5745,0.0867,9.8173,0.9192,0.3178,9.8454,0.9819,0.27,9.7684
378,0.3385,0.5373,9.6232,0.2284,0.362,9.623,0.4814,0.6234,9.4457,0.7528,0.903,9.6202,0.7614,0.7357,9.5763
379,-0.0643,0.4461,9.2983,-0.1933,0.4485,9.4748,-0.0332,0.6728,9.4863,0.3319,0.8228,9.3197,0.2492,0.8331,9.4112
380,-0.578,0.0254,9.4522,-0.73,0.0424,9.4835,-0.4479,0.2646,9.375,-0.0837,0.4842,9.4153,-0.2703,0.2943,9.3551
381,-0.908,-0.6498,9.4234,-0.9484,-0.54,9.5612,-0.6958,-0.2489,9.5167,-0.3784,-0.1986,9.505,-0.5076,-0.3332,9.523
382,-0.8446,-1.0735,9.7317,-0.9308,-0.8326,9.7841,-0.5147,-0.5395,9.7072,-0.2593,-0.4885,9.7523,-0.4875,-0.6399,9.7039
383,-0.4405,-0.7572,9.9224,-0.4257,-0.4982,9.9348,-0.0884,-0.2362,9.9186,0.1595,-0.2901,9.8958,-0.1902,-0.6384,10.0334
384,0.0859,-0.2267,9.9505,0.0621,0.094,10.0343,0.4622,0.2388,10.0072,0.6812,0.2746,10.0162,0.3713,-0.1429,10.0043
385,0.3881,0.3321,10.0129,0.4564,0.585,9.898,0.7978,0.7731,9.967,0.976,0.761,9.857,0.6699,0.4416,9.9582
386,0.3323,0.4597,9.7394,0.4868,0.724,9.7701,0.7932,0.9883,9.7229,0.9154,0.7966,9.7452,0.618,0.4689,9.6994
387,0.0058,0.2353,9.5978,0.1306,0.3399,9.382,0.5071,0.5332,9.5746,0.5172,0.309,9.4766,0.1913,-0.0413,9.5326
388,-0.4789,-0.4678,9.3702,-0.3874,-0.2043,9.4428,-0.0154,-0.0291,9.3238,-0.0593,-0.3813,9.2675,-0.4159,-0.6061,9.3069
389,-1.0005,-0.8201,9.366,-0.7745,-0.5583,9.363,-0.3063,-0.4047,9.4099,-0.4344,-0.6292,9.362,-0.7562,-0.9374,9.3864
390,-0.8982,-0.6265,9.5159,-0.7069,-0.3212,9.387,-0.3211,-0.3035,9.4243,-0.4256,-0.6409,9.4215,-0.8179,-0.863,9.5056
391,-0.6037,-0.0172,9.6641,-0.2886,0.1271,9.6328,-0.0221,0.1526,9.7023,-0.3403,-0.2569,9.6657,-0.5262,-0.2284,9.6641
392,0.008,0.4978,9.9569,0.283,0.6833,9.8556,0.5013,0.5894,9.9808,0.262,0.3698,9.9239,-0.0084,0.3696,9.8112
393,0.3349,0.8324,10.2256,0.7194,0.8897,9.9979,0.8104,0.7394,10.018,0.6646,0.4305,10.0537,0.3151,0.5175,10.0566
394,0.4845,0.5046,9.929,0.7539,0.598,10.0076,1.0111,0.3889,10.0262,0.6342,0.1473,9.936,0.463,0.2585,9.9637
395,0.3579,-0.0214,9.8808,0.5578,0.0262,9.9164,0.7585,-0.326,9.8119,0.442,-0.5156,9.8331,0.1544,-0.4138,9.7999
396,-0.1676,-0.4086,9.637,0.1221,-0.436,9.6164,0.2107,-0.661,9.6327,-0.1387,-0.9089,9.5698,-0.3521,-0.7375,9.5023
397,-0.5939,-0.309,9.4046,-0.2495,-0.3349,9.319,-0.3565,-0.7398,9.4284,-0.6264,-0.8773,9.3746,-0.8479,-0.6522,9.3375
398,-0.7446,0.094,9.4461,-0.3649,0.0159,9.4188,-0.4056,-0.2278,9.4318,-0.8246,-0.4031,9.4471,-0.955,-0.1694,9.3168
399,-0.465,0.6777,9.5454,-0.1231,0.5044,9.5765,-0.1608,0.2095,9.6046,-0.6652,0.2189,9.5525,-0.8167,0.5101,9.6102
400,0.0044,0.927,9.8175,0.3036,0.7952,9.7443,0.1448,0.5855,9.6967,-0.1977,0.5422,9.8903,-0.2238,0.8005,9.8202
401,0.4657,0.6631,10.1183,0.7019,0.5505,10.0618,0.6048,0.1961,10.0199,0.2936,0.2642,10.0471,0.1858,0.5648,9.9275
402,0.7704,0.0779,10.1881,1.0305,-0.1486,10.1365,0.8446,-0.4469,10.2201,0.3978,-0.259,10.2508,0.4296,0.0455,10.1953
403,0.5852,-0.4706,10.1542,0.7651,-0.6846,10.127,0.6814,-0.8255,10.2611,0.3173,-0.6664,10.1739,0.2677,-0.3785,10.1574
404,0.1769,-0.4481,10.013,0.3345,-0.7146,9.9681,0.1411,-0.8623,10.0148,-0.1492,-0.7483,9.9439,-0.0609,-0.3856,9.8725
405,-0.3043,-0.0657,9.8159,-0.1879,-0.3131,9.7258,-0.4703,-0.3987,9.8533,-0.7,-0.1301,9.8498,-0.5904,-0.0271,9.7623
406,-0.4206,0.5298,9.534,-0.4199,0.1801,9.7236,-0.7226,0.1564,9.586,-1.0958,0.3999,9.6008,-0.8699,0.7179,9.5916
407,-0.3208,0.7558,9.5628,-0.3444,0.5837,9.5836,-0.6926,0.5263,9.5466,-0.9185,0.8086,9.5633,-0.7788,0.9673,9.5731
408,0.0623,0.5306,9.6754,-0.0301,0.2877,9.76,-0.3086,0.3813,9.7126,-0.4479,0.7007,9.7646,-0.2549,0.7596,9.6365
409,0.5262,0.0231,9.891,0.5429,-0.2808,9.8663,0.1118,-0.1757,9.9057,0.1256,0.1243,9.9951,0.2339,0.2634,9.8813
410,0.9527,-0.7219,10.198,0.7834,-0.8292,10.2163,0.4078,-0.6705,10.2522,0.4791,-0.4155,10.1343,0.5137,-0.3773,10.1577
411,0.95,-0.7978,10.3446,0.8082,-0.9531,10.2126,0.3328,-0.6019,10.2439,0.3468,-0.494,10.2361,0.6803,-0.4773,10.3193
412,0.5873,-0.4635,10.2828,0.2959,-0.5021,10.2058,0.0903,-0.2728,10.2804,-0.0005,-0.039,10.2463,0.2949,-0.1636,10.3448
413,0.0297,0.045,10.1697,-0.1939,0.0707,10.0696,-0.4909,0.4309,10.0783,-0.4448,0.5631,10.0807,-0.0474,0.2872,10.0712
414,-0.3522,0.4182,9.8927,-0.6536,0.5752,9.9226,-0.8294,0.8676,9.8907,-0.7495,0.9013,9.8914,-0.4659,0.766,9.9287
415,-0.4209,0.3345,9.7347,-0.6386,0.3502,9.7452,-0.9938,0.6561,9.6918,-0.8535,0.8278,9.6355,-0.5228,0.57,9.7191
416,-0.1076,-0.1071,9.6434,-0.3255,-0.0425,9.5628,-0.6455,0.2391,9.5591,-0.4773,0.2213,9.5886,-0.135,0.048,9.5401
417,0.4162,-0.8253,9.7123,0.1382,-0.6493,9.7066,-0.1122,-0.3579,9.711,-0.0645,-0.3545,9.7768,0.4599,-0.6038,9.6561
418,0.8676,-0.8627,9.8808,0.4636,-0.7187,9.8467,0.2306,-0.4009,9.8439,0.4534,-0.554,9.8422,0.8256,-0.8235,9.9008
419,0.9275,-0.5527,10.0715,0.562,-0.3845,10.1011,0.4493,-0.0466,10.0367,0.6059,-0.2357,10.1406,0.9782,-0.526,10.1145
420,0.5791,-0.0028,10.202,0.2576,0.3731,10.2864,0.0755,0.4325,10.3009,0.4836,0.2724,10.2357,0.5917,0.0494,10.2787
421,0.1088,0.4522,10.108,-0.3582,0.8589,10.2181,-0.3148,0.9549,10.2784,-0.0394,0.7277,10.2432,0.188,0.5233,10.1027
422,-0.4301,0.4998,9.9431,-0.8664,0.8282,10.0425,-0.8204,0.8149,10.0612,-0.4635,0.5475,9.9605,-0.3339,0.3909,10.0286
423,-0.6889,0.0507,9.8538,-0.971,0.3942,9.7324,-0.9453,0.4068,9.7429,-0.547,0.177,9.8325,-0.3529,-0.0763,9.7615
424,-0.4662,-0.4491,9.4779,-0.7354,-0.277,9.4929,-0.7159,-0.3154,9.6902,-0.2645,-0.5929,9.5883,-0.1953,-0.8437,9.5097
425,0.0621,-0.6559,9.4092,-0.3532,-0.446,9.4832,-0.176,-0.5459,9.4618,0.1796,-0.8573,9.4327,0.3794,-0.996,9.5402
426,0.4759,-0.2926,9.5113,0.2112,-0.2209,9.5585,0.2496,-0.3213,9.571,0.6815,-0.6494,9.4479,0.6768,-0.6268,9.5397
427,0.6876,0.2318,9.7285,0.3793,0.4067,9.6645,0.6422,0.1994,9.7899,0.9517,-0.1788,9.7162,0.9902,0.0325,9.6023
428,0.4253,0.7775,9.8978,0.221,0.8641,9.9161,0.4477,0.6641,9.9592,0.7185,0.3603,9.9065,0.7785,0.4533,9.985
429,-0.1091,0.7801,10.0569,-0.246,0.8341,10.0889,0.1143,0.637,10.0252,0.3297,0.3983,10.0044,0.2646,0.5204,9.9753
430,-0.6077,0.4261,10.1053,-0.7845,0.3677,9.9947,-0.4793,0.1735,10.124,-0.2254,0.0123,10.0724,-0.2285,0.2049,10.1651
431,-0.931,-0.1085,9.9566,-0.9075,-0.2619,9.9749,-0.6225,-0.5171,9.8491,-0.3999,-0.5733,9.8181,-0.6493,-0.2906,9.9063
432,-0.7814,-0.3875,9.7011,-0.8681,-0.5244,9.6349,-0.4263,-0.9476,9.6365,-0.2229,-0.9302,9.6128,-0.587,-0.6509,9.6944
433,-0.4251,-0.2662,9.4797,-0.4317,-0.4736,9.4648,-0.109,-0.7019,9.4053,0.1527,-0.686,9.454,-0.1048,-0.4215,9.4953
434,0.089,0.3488,9.3093,0.1196,0.1201,9.2594,0.4419,-0.2245,9.4449,0.6699,-0.1306,9.2162,0.3467,0.1748,9.2746
435,0.3781,0.8334,9.4558,0.4647,0.5685,9.3612,0.8278,0.3199,9.3719,1.0264,0.4313,9.3856,0.6501,0.7285,9.4833
436,0.3341,0.9955,9.6337,0.4651,0.6412,9.5867,0.9175,0.4121,9.5998,0.8589,0.58,9.5723,0.5562,0.7764,9.5161
437,-0.0082,0.4909,9.8071,0.1363,0.1876,9.7555,0.5923,0.0517,9.8329,0.4735,0.2058,9.7903,0.1363,0.5519,9.7646
438,-0.5307,-0.1337,9.941,-0.3158,-0.4115,10.0243,-0.0699,-0.5014,9.9411,-0.1106,-0.3765,10.0677,-0.451,-0.0713,9.9547
439,-0.8804,-0.6201,10.0168,-0.6801,-0.7242,10.1217,-0.4816,-1.0145,10.0395,-0.3759,-0.6418,9.9521,-0.7872,-0.4398,10.0293
440,-0.9399,-0.4601,9.9645,-0.6326,-0.7922,9.8537,-0.3871,-0.7172,9.8265,-0.517,-0.4515,9.7809,-0.9255,-0.2823,9.9293
441,-0.6255,-0.0115,9.6286,-0.2695,-0.3517,9.6764,-0.1945,-0.1825,9.5981,-0.2338,0.1843,9.6379,-0.6186,0.2228,9.8205
442,-0.0336,0.4631,9.4634,0.3285,0.2542,9.4462,0.4366,0.3577,9.4256,0.2729,0.6602,9.4182,-0.0363,0.6912,9.4997
443,0.2966,0.5732,9.3623,0.6625,0.4236,9.3688,0.9529,0.5314,9.4001,0.6989,0.9248,9.4153,0.3514,0.8909,9.4128
444,0.5495,0.2343,9.4541,0.8665,0.162,9.388,0.863,0.3733,9.4497,0.689,0.5225,9.4568,0.4205,0.5095,9.3576
445,0.2456,-0.383,9.6947,0.5847,-0.4919,9.5674,0.6786,-0.2178,9.6093,0.4467,0.0352,9.6082,0.1732,-0.0869,9.5307
446,-0.2376,-0.8275,9.9193,0.0739,-0.8584,9.8367,0.1611,-0.5972,9.9068,-0.168,-0.4553,9.8655,-0.3528,-0.5458,9.9025
447,-0.7448,-0.8163,10.0764,-0.2456,-0.8831,10.0412,-0.3584,-0.4511,10.0584,-0.6048,-0.3762,10.005,-0.8895,-0.6378,10.1805
448,-0.8656,-0.3645,10.0642,-0.4629,-0.2968,10.0882,-0.4608,0.0027,10.1376,-0.8405,0.0812,10.0238,-1.0533,-0.0747,10.0734
449,-0.5612,0.1935,10.0052,-0.3179,0.2942,10.0627,-0.2429,0.6744,9.9407,-0.6394,0.6986,10.0221,-0.7141,0.4492,10.0897
450,0.0405,0.4053,9.8159,0.2604,0.577,9.7516,0.1877,0.9346,9.8063,-0.1029,0.9421,9.804,-0.2575,0.6454,9.8453
451,0.603,0.2076,9.5877,0.7107,0.394,9.7018,0.6429,0.6569,9.5892,0.3362,0.5766,9.5532,0.1768,0.2728,9.6136
452,0.7987,-0.3844,9.5077,1.0475,-0.0978,9.4533,0.8463,0.1163,9.4907,0.4527,0.0227,9.5861,0.4628,-0.352,9.5129
453,0.6594,-0.7598,9.6501,0.8552,-0.4965,9.5741,0.6253,-0.3259,9.526,0.2721,-0.5353,9.5956,0.2503,-0.8566,9.5317
454,0.1365,-0.7496,9.7686,0.3696,-0.5793,9.7954,0.1315,-0.3729,9.7631,-0.2408,-0.7061,9.7667,-0.082,-0.8721,9.7561
455,-0.2133,-0.3808,9.963,0.0003,0.0076,9.9624,-0.4208,0.0114,9.9893,-0.6961,-0.275,9.9277,-0.4937,-0.4412,10.0912
456,-0.4362,0.2987,10.1007,-0.3702,0.5389,10.162,-0.7458,0.6711,10.155,-1.0151,0.2769,10.206,-0.7697,0.1368,10.1774
457,-0.3777,0.6203,10.2821,-0.2889,0.9583,10.2817,-0.661,0.9279,10.2815,-0.8437,0.6862,10.273,-0.6848,0.4831,10.2536
458,0.036,0.5142,10.247,0.0723,0.7347,10.0588,-0.2969,0.64,10.1284,-0.5114,0.4114,10.1923,-0.1623,0.2796,10.211
459,0.66,-0.0356,9.8672,0.544,0.2731,9.9348,0.2719,0.1398,9.9572,0.1173,-0.2607,9.9412,0.2664,-0.1796,9.8617
460,0.9414,-0.4421,9.6889,0.8992,-0.3176,9.7548,0.461,-0.4598,9.7577,0.3647,-0.808,9.7814,0.5998,-0.8147,9.7306
461,1.0496,-0.556,9.5709,0.7774,-0.4365,9.5705,0.4784,-0.5934,9.6457,0.4871,-0.995,9.5671,0.6299,-0.839,9.5902
462,0.5825,-0.1769,9.6115,0.3764,-0.043,9.6522,0.0795,-0.3168,9.685,0.0738,-0.423,9.6378,0.1982,-0.4355,9.6211
463,-0.0161,0.4788,9.8095,-0.1673,0.5523,9.8913,-0.5133,0.178,9.8153,-0.4348,0.0737,9.72,-0.1017,0.2014,9.864
464,-0.3566,0.8738,10.0703,-0.5252,0.7319,10.0684,-1.0133,0.5282,10.0726,-0.8436,0.3576,9.9552,-0.4631,0.647,10.0621
465,-0.4458,0.8472,10.2497,-0.6912,0.6293,10.1676,-0.9443,0.4122,10.205,-0.7593,0.3677,10.2608,-0.5172,0.5688,10.1698
466,-0.0804,0.3432,10.2314,-0.3704,0.1005,10.2837,-0.6096,-0.1072,10.2913,-0.4706,-0.2459,10.2849,-0.1305,0.1123,10.359
467,0.4479,-0.299,10.2666,0.1002,-0.4687,10.1953,-0.0973,-0.7251,10.1794,0.0686,-0.8125,10.1699,0.4765,-0.4393,10.1735
468,0.8548,-0.4849,9.9811,0.5022,-0.6215,10.0034,0.2325,-0.9221,9.9683,0.434,-0.8321,9.9464,0.7539,-0.5927,10.0143
469,0.9309,-0.1325,9.6857,0.5541,-0.3208,9.7305,0.4079,-0.6694,9.7855,0.6527,-0.5337,9.7069,0.932,-0.1994,9.7047
470,0.5415,0.4297,9.5459,0.2096,0.166,9.5706,0.1831,-0.0222,9.5399,0.3895,0.1625,9.5238,0.679,0.4533,9.5517
471,0.0178,0.7308,9.5364,-0.3014,0.476,9.5808,-0.3983,0.3607,9.567,-0.0486,0.7105,9.5314,0.0816,0.8523,9.6532
472,-0.4822,0.768,9.6947,-0.811,0.4553,9.6758,-0.698,0.457,9.6664,-0.5143,0.6364,9.7335,-0.1979,0.8142,9.5958
473,-0.6319,0.2542,9.9267,-0.9565,-0.0179,9.9376,-0.9558,-0.0859,9.8724,-0.6453,0.2391,9.8382,-0.4041,0.3717,9.8824
474,-0.4546,-0.4425,10.0973,-0.7461,-0.7026,10.0999,-0.7299,-0.7502,10.0605,-0.3179,-0.4027,10.1616,-0.1858,-0.233,10.076
475,-0.0425,-0.745,10.1969,-0.3155,-0.8576,10.1628,-0.2757,-0.7847,10.1511,0.1758,-0.533,10.2099,0.2618,-0.4621,10.2241
476,0.4233,-0.5228,10.1651,0.1653,-0.7013,10.0616,0.4057,-0.4938,10.0803,0.708,-0.2434,9.9976,0.8042,-0.2393,10.0982
477,0.6869,0.058,9.8506,0.4624,-0.0302,9.8772,0.6104,0.0771,9.8309,0.8866,0.3617,9.9318,0.864,0.38,9.9317
478,0.3859,0.4742,9.552,0.2322,0.35,9.6422,0.4431,0.6281,9.5881,0.7935,0.8135,9.5975,0.7547,0.8217,9.4721
479,0.0439,0.5024,9.3491,-0.1658,0.4776,9.3089,0.0455,0.7334,9.4686,0.4335,0.9279,9.4364,0.2711,0.7864,9.3072
480,-0.625,-0.0238,9.4219,-0.6559,0.0474,9.3674,-0.3272,0.2289,9.3762,-0.1619,0.341,9.2932,-0.2128,0.2964,9.4201
481,-0.9385,-0.5754,9.4964,-0.9291,-0.5384,9.5177,-0.5814,-0.2189,9.5905,-0.3422,-0.0943,9.4922,-0.5314,-0.3011,9.5394
482,-0.84,-1.008,9.8107,-0.8353,-0.8262,9.693,-0.5674,-0.5497,9.7178,-0.2448,-0.4334,9.6517,-0.4936,-0.7293,9.7123
483,-0.4703,-0.7488,9.9189,-0.4471,-0.5866,10.0062,-0.1419,-0.2953,10.0613,0.1755,-0.243,9.9211,-0.095,-0.5675,9.9691
484,0.0251,-0.2347,10.0706,0.1209,0.0192,9.9931,0.5142,0.3299,9.9723,0.6546,0.1713,9.9947,0.4316,-0.0906,10.0013
485,0.3262,0.3848,10.0207,0.4984,0.5591,9.9273,0.8729,0.7823,10.0095,1.0287,0.6768,9.8883,0.6274,0.4733,9.852
486,0.2975,0.5072,9.7178,0.4009,0.7442,9.7938,0.898,0.9186,9.7862,0.867,0.6733,9.7092,0.6252,0.5316,9.8001
487,-0.0574,0.0675,9.486,0.0841,0.3973,9.5819,0.4638,0.6366,9.5727,0.5076,0.3374,9.5674,0.131,0.0806,9.5303
488,-0.5425,-0.4875,9.371,-0.415,-0.2075,9.2363,0.0017,-0.134,9.3545,-0.0805,-0.3679,9.3254,-0.3234,-0.5344,9.3816
489,-0.9774,-0.7425,9.3836,-0.726,-0.5338,9.4239,-0.4029,-0.4697,9.303,-0.4052,-0.7313,9.3294,-0.7481,-0.9896,9.3049
490,-0.8702,-0.6013,9.5584,-0.6559,-0.366,9.4833,-0.4642,-0.38,9.5111,-0.5919,-0.5302,9.529,-0.7423,-0.801,9.5061
491,-0.6576,-0.0203,9.8047,-0.2772,0.2504,9.7121,-0.0997,0.0994,9.7031,-0.1904,-0.1555,9.6576,-0.5237,-0.2732,9.6168
492,-0.1021,0.6109,9.9954,0.2306,0.7929,9.875,0.5296,0.6651,9.8887,0.3654,0.3997,9.9512,-0.027,0.2923,9.8992
493,0.2812,0.7097,9.9829,0.7235,1.0078,10.1224,0.9132,0.7867,10.1174,0.7014,0.5442,9.9916,0.3435,0.5048,9.9714
494,0.5478,0.4069,9.9438,0.7887,0.6199,9.9902,0.9796,0.459,10.0478,0.8011,0.1812,9.9485,0.4603,0.2156,9.9664
495,0.2166,0.0004,9.8855,0.5673,-0.0025,9.826,0.769,-0.2628,9.8795,0.4464,-0.4822,9.8028,0.165,-0.3569,9.8426
496,-0.282,-0.5099,9.6221,0.0898,-0.4212,9.5983,0.2309,-0.7243,9.5735,-0.0793,-0.906,9.6479,-0.4707,-0.724,9.5271
497,-0.62,-0.3939,9.4541,-0.3358,-0.424,9.4071,-0.3265,-0.7136,9.4777,-0.5555,-0.8654,9.3899,-0.8587,-0.6669,9.4165
498,-0.7072,0.1122,9.4209,-0.4083,-0.0115,9.4264,-0.3703,-0.3577,9.4442,-0.8045,-0.4332,9.375,-0.9858,-0.0766,9.4152
499,-0.5708,0.7491,9.5331,-0.1736,0.6342,9.5306,-0.1802,0.256,9.6788,-0.6821,0.2195,9.5303,-0.7706,0.4403,9.6186
500,-0.0297,0.9098,9.754,0.2881,0.7584,9.7923,0.2297,0.5135,9.8693,-0.1838,0.5585,9.8353,-0.2666,0.7539,9.8701
501,0.5172,0.7244,10.0034,0.8371,0.4478,10.1231,0.5397,0.2735,10.0889,0.2511,0.2722,10.0407,0.2267,0.5895,10.0401
502,0.7548,0.0861,10.1676,0.9622,-0.1538,10.2183,0.7662,-0.3666,10.1029,0.4885,-0.3701,10.2126,0.4454,0.0235,10.2413
503,0.5834,-0.3342,10.1161,0.8115,-0.7074,10.2329,0.6101,-0.8468,10.1219,0.2867,-0.7237,10.2265,0.3052,-0.3841,10.1776
504,0.17,-0.5239,10.073,0.3342,-0.7253,10.033,0.1529,-0.8759,10.0379,-0.2457,-0.6741,9.9471,-0.1475,-0.3976,10.032
505,-0.2682,-0.0898,9.8526,-0.0892,-0.3394,9.7908,-0.2754,-0.4962,9.9209,-0.6656,-0.219,9.7,-0.5308,0.0718,9.7052
506,-0.5445,0.4328,9.6834,-0.4166,0.1856,9.6393,-0.7207,0.1755,9.5402,-0.8829,0.3692,9.5828,-0.8361,0.6322,9.6799
507,-0.3467,0.7687,9.7129,-0.31,0.5008,9.6187,-0.6647,0.4841,9.6435,-0.9266,0.7679,9.5628,-0.7134,0.969,9.5734
508,0.1023,0.4858,9.6269,0.0872,0.3681,9.7136,-0.3499,0.3704,9.5866,-0.4375,0.6455,9.61,-0.3008,0.6727,9.7624
509,0.6086,-0.1173,9.9155,0.6039,-0.2673,10.0032,0.2526,-0.1556,9.8882,-0.0292,0.1203,9.8839,0.2808,0.1052,9.8756
510,0.9569,-0.6465,10.2164,0.941,-0.848,10.1279,0.4643,-0.6019,10.1405,0.3759,-0.3911,10.1835,0.7365,-0.3914,10.1984
511,0.7974,-0.841,10.244,0.7954,-0.9239,10.2485,0.4299,-0.682,10.2739,0.2351,-0.4132,10.31,0.5946,-0.5308,10.2927
512,0.4848,-0.4454,10.2111,0.4324,-0.5609,10.2599,0.073,-0.2899,10.3013,0.0959,0.0024,10.3265,0.3829,-0.1231,10.2107
513,0.0408,0.0726,10.157,-0.1853,0.0883,10.0377,-0.5459,0.4546,10.1977,-0.4714,0.5005,10.0958,-0.1043,0.3796,10.1058
514,-0.3415,0.4788,9.9003,-0.5962,0.5422,9.9184,-0.9406,0.7743,9.8409,-0.9117,0.8861,9.8455,-0.5341,0.6929,9.9383
515,-0.3346,0.2974,9.5707,-0.7245,0.3951,9.6795,-0.9393,0.7208,9.7496,-0.8354,0.9164,9.653,-0.4367,0.5695,9.6528
516,-0.1353,-0.1777,9.5315,-0.3564,-0.0515,9.5747,-0.6758,0.2471,9.58,-0.4712,0.3782,9.6025,-0.0251,0.0036,9.6398
517,0.3973,-0.7719,9.6528,0.1431,-0.5286,9.7075,-0.2704,-0.3055,9.7877,0.0126,-0.3282,9.6501,0.4713,-0.5753,9.7111
518,0.8116,-0.9767,9.8333,0.4454,-0.611,9.8466,0.3218,-0.4895,9.8196,0.5719,-0.5523,9.9191,0.7978,-0.8361,9.8497
519,0.8896,-0.5779,10.1305,0.5648,-0.329,10.118,0.4225,-0.0791,10.153,0.663,-0.2476,10.1874,0.9857,-0.504,10.043
520,0.6098,0.0644,10.2072,0.2871,0.249,10.2427,0.1071,0.4288,10.249,0.4119,0.2965,10.2088,0.5303,-0.0304,10.2207
521,0.0537,0.4819,10.2375,-0.3313,0.7937,10.228,-0.3617,0.9886,10.3021,-0.0771,0.6943,10.1012,0.244,0.4277,10.1806
522,-0.4785,0.4885,10.0103,-0.7987,0.7434,10.0123,-0.844,0.8637,10.0542,-0.422,0.7083,10.0231,-0.289,0.4138,10.0427
523,-0.5759,0.0263,9.7698,-1.0186,0.3372,9.7462,-0.9419,0.4216,9.8868,-0.6368,0.1747,9.8162,-0.4383,-0.1456,9.7288
524,-0.3841,-0.5521,9.6137,-0.7742,-0.2149,9.5415,-0.7451,-0.2543,9.518,-0.3548,-0.5624,9.5057,-0.2495,-0.7187,9.5418
525,-0.0061,-0.6759,9.4657,-0.2569,-0.4756,9.5213,-0.1179,-0.5454,9.5052,0.1523,-0.9168,9.4765,0.2944,-0.9459,9.415
526,0.3991,-0.3622,9.4924,0.0733,-0.185,9.5491,0.3594,-0.246,9.519,0.7469,-0.6131,9.5027,0.7489,-0.7036,9.5606
527,0.5708,0.2208,9.6243,0.3693,0.3946,9.7762,0.6145,0.2168,9.7041,0.8489,-0.0442,9.6636,0.8859,-0.0646,9.7233
528,0.3578,0.7821,9.9338,0.3066,0.863,9.9,0.5083,0.6002,9.8562,0.6415,0.4561,9.8892,0.7539,0.5022,9.8918
529,-0.0941,0.8311,10.1135,-0.221,0.8574,10.0523,0.018,0.6563,10.0538,0.3138,0.4427,10.0409,0.282,0.5148,10.0196
530,-0.5429,0.3841,10.0455,-0.6579,0.4512,10.0526,-0.4443,0.0596,10.1487,-0.1774,-0.0202,10.1188,-0.3245,0.1137,10.0774
531,-0.9128,-0.1503,9.9715,-1.0656,-0.1996,9.9896,-0.6158,-0.4305,9.9131,-0.3864,-0.6369,9.85,-0.5146,-0.4959,9.8873
532,-0.8104,-0.3954,9.7021,-0.8813,-0.6418,9.586,-0.5872,-0.8228,9.6182,-0.2953,-0.9143,9.6577,-0.5036,-0.6438,9.7231
533,-0.5049,-0.2805,9.4652,-0.4006,-0.4128,9.4391,-0.0705,-0.8412,9.4123,0.1114,-0.7092,9.3902,-0.0847,-0.453,9.4923
534,0.102,0.2457,9.3604,0.0627,0.0574,9.4342,0.5169,-0.2493,9.3019,0.5949,-0.2179,9.319,0.3198,0.0821,9.3147
535,0.3295,0.7773,9.3401,0.3942,0.4928,9.3016,0.8333,0.2883,9.3596,0.9272,0.4289,9.4111,0.6903,0.6502,9.3294
536,0.3441,0.9721,9.6224,0.4351,0.5959,9.5872,0.9152,0.3917,9.5572,0.9292,0.4969,9.5802,0.5937,0.8294,9.5884
537,-0.1011,0.5205,9.7513,0.072,0.1912,9.7838,0.4864,0.1302,9.7623,0.4713,0.2455,9.8802,0.2431,0.5493,9.7752
538,-0.4356,-0.2272,10.064,-0.3775,-0.4195,10.0214,0.0684,-0.5926,9.9674,0.0324,-0.3116,9.9887,-0.3712,-0.0889,9.9798
539,-0.9357,-0.6008,9.9618,-0.6508,-0.8589,10.081,-0.3614,-0.846,9.9645,-0.4386,-0.5955,10.0604,-0.7383,-0.4746,10.0751
540,-0.8802,-0.4544,9.8942,-0.5974,-0.7655,9.8162,-0.3613,-0.8588,9.8953,-0.4546,-0.5762,9.848,-0.8279,-0.3529,9.8529
541,-0.5548,0.0019,9.6498,-0.351,-0.3683,9.7953,-0.0857,-0.2008,9.6721,-0.2882,0.1174,9.5811,-0.6294,0.2781,9.6796
542,-0.0942,0.4905,9.363,0.2197,0.2391,9.3944,0.4185,0.3637,9.4703,0.3438,0.7359,9.4558,-0.1555,0.7183,9.3513
543,0.4001,0.6746,9.3853,0.6724,0.4031,9.3751,0.9734,0.6426,9.3116,0.5989,0.9548,9.3177,0.3741,0.9965,9.3993
544,0.5073,0.2925,9.337,0.9115,0.126,9.3767,0.9729,0.365,9.4628,0.7262,0.5894,9.4585,0.3726,0.5275,9.432
545,0.346,-0.3536,9.6176,0.5922,-0.344,9.6244,0.7197,-0.2579,9.5518,0.4929,-0.0057,9.6204,0.0633,-0.0519,9.5606
546,-0.2683,-0.7894,9.9393,0.1738,-0.7924,9.8796,0.0823,-0.5801,9.8967,-0.1687,-0.3948,9.8415,-0.4194,-0.5611,9.942
547,-0.6618,-0.8101,10.1063,-0.2545,-0.7302,10.0057,-0.2892,-0.5235,10.0662,-0.6849,-0.4433,10.0028,-0.8046,-0.5632,10.0535
548,-0.7927,-0.3652,10.1589,-0.4164,-0.3504,10.0806,-0.3741,-0.033,10.1654,-0.771,0.1543,10.0718,-1.0046,-0.0228,10.1218
549,-0.453,0.138,9.963,-0.1698,0.3758,10.0044,-0.3282,0.6631,9.9548,-0.6232,0.7297,9.9024,-0.7601,0.4089,9.9633
550,-0.0582,0.4186,9.8077,0.3598,0.5945,9.9257,0.1649,0.8323,9.823,-0.2659,0.9351,9.8229,-0.3345,0.5895,9.7543
551,0.5869,0.2293,9.5911,0.7709,0.3383,9.6031,0.6006,0.6423,9.5898,0.3095,0.5815,9.5519,0.195,0.3419,9.6074
552,0.786,-0.2705,9.5854,0.9684,-0.1185,9.4754,0.7568,0.08,9.5143,0.4831,0.0127,9.3436,0.3938,-0.2968,9.4437
553,0.7074,-0.7221,9.5801,0.8001,-0.5558,9.5228,0.6428,-0.4114,9.542,0.2906,-0.5749,9.5703,0.2272,-0.7476,9.5063
554,0.3026,-0.8144,9.7157,0.3681,-0.5156,9.7634,0.0207,-0.3495,9.6734,-0.1476,-0.549,9.769,-0.1019,-0.8199,9.8265
555,-0.1687,-0.2761,9.9916,-0.1661,-0.0541,10.0101,-0.4412,0.0058,10.0677,-0.8215,-0.2933,9.9592,-0.609,-0.4424,9.9457
556,-0.4344,0.2902,10.2077,-0.4028,0.5815,10.2097,-0.6991,0.6004,10.1631,-0.9399,0.3623,10.2521,-0.8481,0.2034,10.2784
557,-0.3743,0.6816,10.2739,-0.3422,0.9643,10.3007,-0.6715,0.8884,10.2722,-0.8334,0.6304,10.2272,-0.7461,0.4654,10.2265
558,0.0014,0.5053,10.256,0.0272,0.7946,10.112,-0.2269,0.6732,10.1958,-0.508,0.3472,10.1807,-0.249,0.2869,10.1502
559,0.5836,0.0339,9.9701,0.4558,0.2091,9.9449,0.173,0.0343,9.953,0.0853,-0.2614,9.9992,0.3633,-0.2857,9.9869
560,0.931,-0.4681,9.7299,0.9161,-0.3446,9.7321,0.4747,-0.4479,9.6106,0.4889,-0.7528,9.8044,0.7168,-0.8948,9.8028
561,0.8673,-0.4845,9.6068,0.802,-0.3797,9.6565,0.3611,-0.7082,9.6971,0.3757,-0.9247,9.6472,0.6325,-0.8706,9.6559
562,0.5216,-0.1876,9.5792,0.4231,-0.0389,9.6302,-0.0236,-0.2794,9.6168,-0.0179,-0.6172,9.6825,0.325,-0.4234,9.6455
563,-0.0203,0.4829,9.8201,-0.107,0.5219,9.8052,-0.6001,0.2129,9.7981,-0.4885,0.0135,9.854,-0.112,0.2138,9.8837
564,-0.4324,0.9564,10.0629,-0.6116,0.8113,10.0168,-0.8885,0.5325,9.9736,-0.7744,0.3045,10.0815,-0.4857,0.6774,10.0289
565,-0.3211,0.8442,10.2348,-0.7324,0.7435,10.2338,-0.898,0.4239,10.2486,-0.8557,0.3669,10.3143,-0.5034,0.5412,10.2135
566,-0.0933,0.3006,10.356,-0.4489,0.065,10.249,-0.6219,-0.0834,10.3885,-0.4616,-0.162,10.314,-0.1363,-0.0566,10.3649
567,0.5197,-0.2441,10.2474,0.1825,-0.4262,10.1877,-0.0601,-0.8043,10.1143,0.0493,-0.6607,10.1901,0.4101,-0.3802,10.1136
568,0.8101,-0.3978,9.9172,0.4308,-0.7583,10.0189,0.3122,-0.8865,9.9282,0.4979,-0.8312,9.9614,0.886,-0.5315,9.9491
569,0.9334,-0.2087,9.817,0.6197,-0.4376,9.622,0.4699,-0.6057,9.7404,0.6067,-0.5475,9.6408,1.0097,-0.1602,9.666
570,0.6032,0.4329,9.5237,0.1782,0.1394,9.6702,0.1263,-0.1014,9.545,0.4343,0.1277,9.5697,0.7197,0.3765,9.5256
571,0.0586,0.8281,9.6256,-0.2326,0.625,9.5096,-0.375,0.4149,9.5545,-0.0574,0.6435,9.5671,0.2384,0.9318,9.5461
572,-0.3806,0.7619,9.6689,-0.6703,0.5414,9.7129,-0.7748,0.457,9.7065,-0.4715,0.5597,9.6302,-0.1787,0.8466,9.7432
573,-0.6096,0.3135,9.9295,-0.8925,-0.1093,9.9723,-1.0136,-0.1353,9.8816,-0.5555,0.1006,9.9997,-0.3963,0.4799,9.8541
574,-0.4348,-0.3418,10.1049,-0.7667,-0.7266,10.1695,-0.6931,-0.5872,10.1048,-0.3012,-0.3982,10.0853,-0.264,-0.2043,10.0989
575,-0.0182,-0.7041,10.1807,-0.2973,-0.8362,10.0859,-0.2013,-0.9086,10.1083,0.1417,-0.5161,10.0867,0.1914,-0.4018,10.1927
576,0.4887,-0.5103,10.1188,0.1518,-0.7535,9.9971,0.4145,-0.5006,10.1206,0.7472,-0.2581,10.1431,0.8075,-0.2117,10.1038
577,0.6253,0.0548,9.7984,0.4518,-0.1418,9.8828,0.6234,0.0441,9.8782,0.9488,0.3919,9.8469,0.9835,0.285,9.8537
578,0.5162,0.5416,9.6728,0.228,0.3346,9.5885,0.4013,0.654,9.6868,0.8041,0.794,9.5544,0.9196,0.7594,9.5766
579,-0.088,0.4454,9.3507,-0.1296,0.4064,9.5451,0.0223,0.6977,9.438,0.4014,0.8722,9.4918,0.2304,0.7429,9.3669
580,-0.578,0.0365,9.3498,-0.6487,0.0348,9.3356,-0.4555,0.2514,9.3477,-0.1286,0.4108,9.3721,-0.1986,0.2695,9.3859
581,-0.8737,-0.6449,9.4236,-0.9641,-0.575,9.5056,-0.6355,-0.3021,9.5068,-0.4083,-0.0437,9.4912,-0.6045,-0.3009,9.5148
582,-0.8398,-0.861,9.7604,-0.8254,-0.8871,9.7429,-0.4076,-0.3594,9.6788,-0.2995,-0.4714,9.8173,-0.5347,-0.6678,9.7748
583,-0.4774,-0.7445,9.9033,-0.3726,-0.6328,9.8591,-0.0955,-0.2649,9.9882,0.1933,-0.267,9.9541,-0.0856,-0.6166,9.9739
584,0.1104,-0.1923,10.0899,0.2014,-0.072,10.0092,0.5386,0.1809,10.1116,0.6289,0.2187,10.0691,0.4048,-0.0882,9.8997
585,0.3312,0.3275,9.9418,0.4667,0.6075,9.9684,0.909,0.7713,9.991,0.9741,0.7267,9.946,0.7044,0.4181,9.9753
586,0.3374,0.4677,9.7799,0.543,0.7158,9.7125,0.872,0.9009,9.7226,0.8646,0.7973,9.7323,0.6323,0.4713,9.8053
587,-0.0721,0.0939,9.4627,0.1804,0.3866,9.475,0.4805,0.6349,9.5735,0.4638,0.4402,9.5179,0.1693,0.0799,9.4549
588,-0.4847,-0.508,9.3015,-0.3497,-0.2448,9.3567,-0.0027,-0.1344,9.3079,-0.1497,-0.2356,9.3363,-0.3142,-0.4322,9.3429
589,-0.8669,-0.8097,9.2414,-0.6872,-0.4983,9.3145,-0.3654,-0.4666,9.3541,-0.4476,-0.6198,9.2652,-0.7683,-0.9562,9.2525
590,-0.9793,-0.7243,9.4808,-0.7279,-0.3867,9.3564,-0.4129,-0.3406,9.6017,-0.5305,-0.7336,9.3988,-0.8277,-0.8246,9.4843
591,-0.5582,-0.0702,9.6793,-0.3314,0.2096,9.7112,-0.0927,0.1192,9.6588,-0.1699,-0.1553,9.6353,-0.5199,-0.2803,9.7726
592,-0.1057,0.5326,9.9744,0.3077,0.7998,9.9519,0.5415,0.6043,9.888,0.2662,0.3115,9.9952,-0.09,0.2861,9.8836
593,0.3813,0.7055,10.052,0.6907,0.8435,10.0874,0.903,0.7854,10.0345,0.648,0.5393,10.1069,0.3596,0.4423,10.0248
594,0.4091,0.5005,10.0693,0.8177,0.721,10.0638,0.9882,0.2963,10.0766,0.5856,0.1807,9.9979,0.4138,0.264,9.9296
595,0.193,-0.1235,9.8177,0.5891,0.0801,9.8009,0.755,-0.2967,9.8369,0.3659,-0.4513,9.8632,0.0401,-0.3623,9.8242
596,-0.2603,-0.4569,9.6992,0.0801,-0.392,9.6088,0.1767,-0.7019,9.6557,-0.1911,-0.8771,9.6171,-0.3717,-0.7934,9.6446
597,-0.6288,-0.425,9.4421,-0.2887,-0.4691,9.5132,-0.2572,-0.7051,9.428,-0.562,-0.8415,9.4214,-0.7917,-0.6407,9.4215
598,-0.832,0.057,9.4114,-0.3408,-0.0317,9.4035,-0.4767,-0.224,9.4923,-0.7061,-0.3694,9.4199,-0.9895,-0.1381,9.3916
599,-0.5828,0.7101,9.602,-0.1784,0.5542,9.6151,-0.2618,0.2173,9.6123,-0.5799,0.1975,9.554,-0.8542,0.5142,9.5443
